[
    {
        "key": "group_58bec9c065391",
        "title": "Assembly",
        "fields": [
            {
                "key": "field_59077aa89c6ff",
                "label": "Assembly ID",
                "name": "assembly_id",
                "type": "text",
                "instructions": "ID number of assembly",
                "required": 1,
                "conditional_logic": 0,
                "wrapper": {
                    "width": "",
                    "class": "",
                    "id": ""
                },
                "default_value": "",
                "placeholder": "GBPP-808",
                "prepend": "",
                "append": "",
                "maxlength": ""
            },
            {
                "key": "field_5ae74515fad9f",
                "label": "Revision",
                "name": "revision",
                "type": "text",
                "instructions": "Version of the assembly",
                "required": 1,
                "conditional_logic": 0,
                "wrapper": {
                    "width": "",
                    "class": "",
                    "id": ""
                },
                "default_value": "A",
                "placeholder": "",
                "prepend": "",
                "append": "",
                "maxlength": ""
            },
            {
                "key": "field_58bec9fc4dcd4",
                "label": "Assembly Items",
                "name": "assembly_items",
                "type": "repeater",
                "instructions": "Enter qty of parts & sub-assemblies used in building this assmelby.",
                "required": 0,
                "conditional_logic": 0,
                "wrapper": {
                    "width": "",
                    "class": "",
                    "id": ""
                },
                "collapsed": "field_58beca404dcd5",
                "min": 0,
                "max": 0,
                "layout": "table",
                "button_label": "Add Item",
                "sub_fields": [
                    {
                        "key": "field_58beca774dcd6",
                        "label": "Qty",
                        "name": "qty",
                        "type": "text",
                        "instructions": "Quantity of the items used.",
                        "required": 0,
                        "conditional_logic": 0,
                        "wrapper": {
                            "width": "30",
                            "class": "",
                            "id": ""
                        },
                        "default_value": 1,
                        "placeholder": "",
                        "prepend": "",
                        "append": "",
                        "maxlength": ""
                    },
                    {
                        "key": "field_58beca404dcd5",
                        "label": "Item",
                        "name": "item",
                        "type": "post_object",
                        "instructions": "Component, part, sub-assembly, assembly used for building.",
                        "required": 0,
                        "conditional_logic": 0,
                        "wrapper": {
                            "width": "70",
                            "class": "",
                            "id": ""
                        },
                        "post_type": [
                            "part",
                            "assembly"
                        ],
                        "taxonomy": [],
                        "allow_null": 0,
                        "multiple": 0,
                        "return_format": "id",
                        "ui": 1
                    }
                ]
            }
        ],
        "location": [
            [
                {
                    "param": "post_type",
                    "operator": "==",
                    "value": "assembly"
                }
            ]
        ],
        "menu_order": 0,
        "position": "acf_after_title",
        "style": "default",
        "label_placement": "left",
        "instruction_placement": "label",
        "hide_on_screen": "",
        "active": 1,
        "description": "Collection of components, parts, sub-assemblies to create an assembly used in creation of products."
    },
    {
        "key": "group_58be21633a48e",
        "title": "Part",
        "fields": [
            {
                "key": "field_58be224180f49",
                "label": "Part No.",
                "name": "part_no",
                "type": "text",
                "instructions": "Unique identifier of part",
                "required": 1,
                "conditional_logic": 0,
                "wrapper": {
                    "width": "",
                    "class": "",
                    "id": ""
                },
                "default_value": "STEEL-9032",
                "placeholder": "STEEL-9032",
                "prepend": "",
                "append": "",
                "maxlength": ""
            },
            {
                "key": "field_5ae4d247994c8",
                "label": "SKU",
                "name": "sku",
                "type": "text",
                "instructions": "Unique identifier of part",
                "required": 1,
                "conditional_logic": 0,
                "wrapper": {
                    "width": "",
                    "class": "",
                    "id": ""
                },
                "default_value": "",
                "placeholder": "ST9",
                "prepend": "",
                "append": "",
                "maxlength": ""
            },
            {
                "key": "field_58be26e874984",
                "label": "Cost",
                "name": "cost",
                "type": "number",
                "instructions": "Unit price of part",
                "required": 1,
                "conditional_logic": 0,
                "wrapper": {
                    "width": "",
                    "class": "",
                    "id": ""
                },
                "default_value": "1.00",
                "placeholder": "",
                "prepend": "$",
                "append": "",
                "min": "",
                "max": "",
                "step": ""
            },
            {
                "key": "field_58be25d7bc42b",
                "label": "Weight",
                "name": "weight",
                "type": "number",
                "instructions": "",
                "required": 1,
                "conditional_logic": 0,
                "wrapper": {
                    "width": "",
                    "class": "",
                    "id": ""
                },
                "default_value": "1.5",
                "placeholder": "",
                "prepend": "",
                "append": "lbs",
                "min": "",
                "max": "",
                "step": ".5"
            },
            {
                "key": "field_5ae7bba2657f8",
                "label": "Stock",
                "name": "stock",
                "type": "number",
                "instructions": "",
                "required": 0,
                "conditional_logic": 0,
                "wrapper": {
                    "width": "",
                    "class": "",
                    "id": ""
                },
                "default_value": 10,
                "placeholder": "",
                "prepend": "",
                "append": "units",
                "min": "",
                "max": "",
                "step": ""
            }
        ],
        "location": [
            [
                {
                    "param": "post_type",
                    "operator": "==",
                    "value": "part"
                }
            ]
        ],
        "menu_order": 0,
        "position": "acf_after_title",
        "style": "default",
        "label_placement": "left",
        "instruction_placement": "label",
        "hide_on_screen": "",
        "active": 1,
        "description": "Part object used in process of manufacturing assemblies or products."
    },
    {
        "key": "group_590779985a45c",
        "title": "Product",
        "fields": [
            {
                "key": "field_5ae4d314160cc",
                "label": "Product Assembly",
                "name": "product_assembly",
                "type": "repeater",
                "instructions": "Parts, Assemblies used in creation of this product.",
                "required": 0,
                "conditional_logic": 0,
                "wrapper": {
                    "width": "",
                    "class": "",
                    "id": ""
                },
                "collapsed": "field_5ae4d348160cd",
                "min": 0,
                "max": 0,
                "layout": "table",
                "button_label": "Add Item",
                "sub_fields": [
                    {
                        "key": "field_5ae4d366160ce",
                        "label": "Qty",
                        "name": "qty",
                        "type": "number",
                        "instructions": "Quantity of associated part, assembly used.",
                        "required": 0,
                        "conditional_logic": 0,
                        "wrapper": {
                            "width": "30",
                            "class": "",
                            "id": ""
                        },
                        "default_value": 1,
                        "placeholder": "",
                        "prepend": "",
                        "append": "",
                        "min": "",
                        "max": "",
                        "step": ""
                    },
                    {
                        "key": "field_5ae4d348160cd",
                        "label": "Assembly",
                        "name": "assembly",
                        "type": "post_object",
                        "instructions": "Part, assembly used",
                        "required": 0,
                        "conditional_logic": 0,
                        "wrapper": {
                            "width": "70",
                            "class": "",
                            "id": ""
                        },
                        "post_type": [
                            "part",
                            "assembly"
                        ],
                        "taxonomy": [],
                        "allow_null": 0,
                        "multiple": 0,
                        "return_format": "id",
                        "ui": 1
                    }
                ]
            }
        ],
        "location": [
            [
                {
                    "param": "post_type",
                    "operator": "==",
                    "value": "product"
                }
            ],
            [
                {
                    "param": "post_type",
                    "operator": "==",
                    "value": "product"
                }
            ]
        ],
        "menu_order": 0,
        "position": "normal",
        "style": "default",
        "label_placement": "top",
        "instruction_placement": "label",
        "hide_on_screen": [
            "permalink",
            "categories"
        ],
        "active": 1,
        "description": "List of parts, assemblies and their quantities to create products."
    }
]