[
    {
        "key": "group_58bed9966b64f",
        "title": "Inventory",
        "fields": [
            {
                "key": "field_58bedf07cb50c",
                "label": "Basic",
                "name": "",
                "type": "tab",
                "instructions": "",
                "required": 0,
                "conditional_logic": 0,
                "wrapper": {
                    "width": "",
                    "class": "",
                    "id": ""
                },
                "placement": "top",
                "endpoint": 0
            },
            {
                "key": "field_58bee4ac56ff7",
                "label": "Inventory Name",
                "name": "inventory_name",
                "type": "text",
                "instructions": "",
                "required": 0,
                "conditional_logic": 0,
                "wrapper": {
                    "width": "",
                    "class": "",
                    "id": ""
                },
                "default_value": "",
                "placeholder": "",
                "prepend": "",
                "append": "",
                "maxlength": ""
            },
            {
                "key": "field_58beda21b3397",
                "label": "Inventory Date",
                "name": "inventory_date",
                "type": "date_time_picker",
                "instructions": "",
                "required": 0,
                "conditional_logic": 0,
                "wrapper": {
                    "width": "",
                    "class": "",
                    "id": ""
                },
                "display_format": "d\/m\/Y g:i a",
                "return_format": "d\/m\/Y g:i a",
                "first_day": 1
            },
            {
                "key": "field_58bed9e728a11",
                "label": "Inventory Category",
                "name": "inventory_category",
                "type": "select",
                "instructions": "",
                "required": 0,
                "conditional_logic": 0,
                "wrapper": {
                    "width": "",
                    "class": "",
                    "id": ""
                },
                "choices": {
                    "Requisition": "Requisition",
                    "Purchase Order": "Purchase Order",
                    "Received": "Received",
                    "Other": "Other"
                },
                "default_value": [],
                "allow_null": 0,
                "multiple": 0,
                "ui": 1,
                "ajax": 1,
                "return_format": "value",
                "placeholder": ""
            },
            {
                "key": "field_58beda3fb3398",
                "label": "Inventory Notes",
                "name": "inventory_notes",
                "type": "textarea",
                "instructions": "",
                "required": 0,
                "conditional_logic": 0,
                "wrapper": {
                    "width": "",
                    "class": "",
                    "id": ""
                },
                "default_value": "",
                "placeholder": "",
                "maxlength": "",
                "rows": "",
                "new_lines": "wpautop"
            },
            {
                "key": "field_58bedeb065c94",
                "label": "Inventory Files",
                "name": "inventory_files",
                "type": "file",
                "instructions": "",
                "required": 0,
                "conditional_logic": 0,
                "wrapper": {
                    "width": "",
                    "class": "",
                    "id": ""
                },
                "return_format": "array",
                "library": "all",
                "min_size": "",
                "max_size": "",
                "mime_types": ""
            },
            {
                "key": "field_58bedb9947a1b",
                "label": "Purchase",
                "name": "",
                "type": "tab",
                "instructions": "",
                "required": 0,
                "conditional_logic": [
                    [
                        {
                            "field": "field_58bed9e728a11",
                            "operator": "==",
                            "value": "Purchase Order"
                        }
                    ]
                ],
                "wrapper": {
                    "width": "",
                    "class": "",
                    "id": ""
                },
                "placement": "top",
                "endpoint": 0
            },
            {
                "key": "field_58bedc5b7fbcc",
                "label": "PO Num",
                "name": "po_num",
                "type": "text",
                "instructions": "",
                "required": 0,
                "conditional_logic": 0,
                "wrapper": {
                    "width": "",
                    "class": "",
                    "id": ""
                },
                "default_value": "",
                "placeholder": "",
                "prepend": "",
                "append": "",
                "maxlength": ""
            },
            {
                "key": "field_58bedc8649c87",
                "label": "Vendor",
                "name": "purchase_vendor",
                "type": "taxonomy",
                "instructions": "",
                "required": 0,
                "conditional_logic": 0,
                "wrapper": {
                    "width": "",
                    "class": "",
                    "id": ""
                },
                "taxonomy": "vendors",
                "field_type": "select",
                "allow_null": 1,
                "add_term": 1,
                "save_terms": 1,
                "load_terms": 1,
                "return_format": "object",
                "multiple": 0
            },
            {
                "key": "field_58bedd75cf057",
                "label": "PO Items",
                "name": "po_items",
                "type": "repeater",
                "instructions": "",
                "required": 0,
                "conditional_logic": 0,
                "wrapper": {
                    "width": "",
                    "class": "",
                    "id": ""
                },
                "collapsed": "",
                "min": 0,
                "max": 0,
                "layout": "table",
                "button_label": "",
                "sub_fields": [
                    {
                        "key": "field_58bedd90cf058",
                        "label": "Item",
                        "name": "item",
                        "type": "post_object",
                        "instructions": "",
                        "required": 0,
                        "conditional_logic": 0,
                        "wrapper": {
                            "width": "",
                            "class": "",
                            "id": ""
                        },
                        "post_type": [
                            "part",
                            "assembly"
                        ],
                        "taxonomy": [],
                        "allow_null": 0,
                        "multiple": 0,
                        "return_format": "object",
                        "ui": 1
                    },
                    {
                        "key": "field_58beddb3cf059",
                        "label": "Item Qty",
                        "name": "item_qty",
                        "type": "text",
                        "instructions": "",
                        "required": 0,
                        "conditional_logic": 0,
                        "wrapper": {
                            "width": "",
                            "class": "",
                            "id": ""
                        },
                        "default_value": "",
                        "placeholder": "",
                        "prepend": "",
                        "append": "",
                        "maxlength": ""
                    }
                ]
            },
            {
                "key": "field_58bedced62a05",
                "label": "Blanket Order",
                "name": "blanket_order",
                "type": "true_false",
                "instructions": "",
                "required": 0,
                "conditional_logic": 0,
                "wrapper": {
                    "width": "",
                    "class": "",
                    "id": ""
                },
                "message": "",
                "default_value": 0,
                "ui": 0,
                "ui_on_text": "",
                "ui_off_text": ""
            },
            {
                "key": "field_58bee201f82bb",
                "label": "Requisition",
                "name": "",
                "type": "tab",
                "instructions": "",
                "required": 0,
                "conditional_logic": [
                    [
                        {
                            "field": "field_58bed9e728a11",
                            "operator": "==",
                            "value": "Requisition"
                        }
                    ]
                ],
                "wrapper": {
                    "width": "",
                    "class": "",
                    "id": ""
                },
                "placement": "top",
                "endpoint": 0
            },
            {
                "key": "field_58bee209f82bc",
                "label": "Req ID",
                "name": "req_id",
                "type": "text",
                "instructions": "",
                "required": 0,
                "conditional_logic": 0,
                "wrapper": {
                    "width": "",
                    "class": "",
                    "id": ""
                },
                "default_value": "",
                "placeholder": "",
                "prepend": "",
                "append": "",
                "maxlength": ""
            },
            {
                "key": "field_58bee21af82be",
                "label": "Req Date",
                "name": "req_date",
                "type": "date_time_picker",
                "instructions": "",
                "required": 0,
                "conditional_logic": 0,
                "wrapper": {
                    "width": "",
                    "class": "",
                    "id": ""
                },
                "display_format": "d\/m\/Y g:i a",
                "return_format": "d\/m\/Y g:i a",
                "first_day": 1
            },
            {
                "key": "field_58bee224f82bf",
                "label": "Req Items",
                "name": "req_items",
                "type": "repeater",
                "instructions": "",
                "required": 0,
                "conditional_logic": 0,
                "wrapper": {
                    "width": "",
                    "class": "",
                    "id": ""
                },
                "collapsed": "",
                "min": 0,
                "max": 0,
                "layout": "row",
                "button_label": "",
                "sub_fields": [
                    {
                        "key": "field_58bee235f82c0",
                        "label": "Item ID",
                        "name": "item_id",
                        "type": "text",
                        "instructions": "",
                        "required": 0,
                        "conditional_logic": 0,
                        "wrapper": {
                            "width": "",
                            "class": "",
                            "id": ""
                        },
                        "default_value": "",
                        "placeholder": "",
                        "prepend": "",
                        "append": "",
                        "maxlength": ""
                    },
                    {
                        "key": "field_58bee253f82c1",
                        "label": "Item",
                        "name": "item",
                        "type": "post_object",
                        "instructions": "",
                        "required": 0,
                        "conditional_logic": 0,
                        "wrapper": {
                            "width": "",
                            "class": "",
                            "id": ""
                        },
                        "post_type": [
                            "part",
                            "assembly"
                        ],
                        "taxonomy": [],
                        "allow_null": 0,
                        "multiple": 0,
                        "return_format": "object",
                        "ui": 1
                    },
                    {
                        "key": "field_58bee26bf82c2",
                        "label": "Item Qty",
                        "name": "item_qty",
                        "type": "text",
                        "instructions": "",
                        "required": 0,
                        "conditional_logic": 0,
                        "wrapper": {
                            "width": "",
                            "class": "",
                            "id": ""
                        },
                        "default_value": "",
                        "placeholder": "",
                        "prepend": "",
                        "append": "",
                        "maxlength": ""
                    },
                    {
                        "key": "field_58bee274f82c3",
                        "label": "Item Vendor",
                        "name": "item_vendor",
                        "type": "taxonomy",
                        "instructions": "",
                        "required": 0,
                        "conditional_logic": 0,
                        "wrapper": {
                            "width": "",
                            "class": "",
                            "id": ""
                        },
                        "taxonomy": "vendors",
                        "field_type": "checkbox",
                        "allow_null": 0,
                        "add_term": 1,
                        "save_terms": 0,
                        "load_terms": 0,
                        "return_format": "id",
                        "multiple": 0
                    }
                ]
            },
            {
                "key": "field_58bee29785351",
                "label": "Received",
                "name": "",
                "type": "tab",
                "instructions": "",
                "required": 0,
                "conditional_logic": [
                    [
                        {
                            "field": "field_58bed9e728a11",
                            "operator": "==",
                            "value": "Receiving"
                        }
                    ]
                ],
                "wrapper": {
                    "width": "",
                    "class": "",
                    "id": ""
                },
                "placement": "top",
                "endpoint": 0
            },
            {
                "key": "field_58bee2deec983",
                "label": "Received ID",
                "name": "received_id",
                "type": "text",
                "instructions": "",
                "required": 0,
                "conditional_logic": 0,
                "wrapper": {
                    "width": "",
                    "class": "",
                    "id": ""
                },
                "default_value": "",
                "placeholder": "",
                "prepend": "",
                "append": "",
                "maxlength": ""
            },
            {
                "key": "field_58bee42df3111",
                "label": "Received Date",
                "name": "received_date",
                "type": "date_time_picker",
                "instructions": "",
                "required": 0,
                "conditional_logic": 0,
                "wrapper": {
                    "width": "",
                    "class": "",
                    "id": ""
                },
                "display_format": "d\/m\/Y g:i a",
                "return_format": "d\/m\/Y g:i a",
                "first_day": 1
            },
            {
                "key": "field_58bee2f3ec984",
                "label": "Received Items",
                "name": "received_items",
                "type": "repeater",
                "instructions": "",
                "required": 0,
                "conditional_logic": 0,
                "wrapper": {
                    "width": "",
                    "class": "",
                    "id": ""
                },
                "collapsed": "",
                "min": 0,
                "max": 0,
                "layout": "table",
                "button_label": "",
                "sub_fields": [
                    {
                        "key": "field_58bee30eec985",
                        "label": "Item ID",
                        "name": "item_id",
                        "type": "text",
                        "instructions": "",
                        "required": 0,
                        "conditional_logic": 0,
                        "wrapper": {
                            "width": "",
                            "class": "",
                            "id": ""
                        },
                        "default_value": "",
                        "placeholder": "",
                        "prepend": "",
                        "append": "",
                        "maxlength": ""
                    },
                    {
                        "key": "field_58bee317ec986",
                        "label": "Item",
                        "name": "item",
                        "type": "post_object",
                        "instructions": "",
                        "required": 0,
                        "conditional_logic": 0,
                        "wrapper": {
                            "width": "",
                            "class": "",
                            "id": ""
                        },
                        "post_type": [
                            "part",
                            "assembly"
                        ],
                        "taxonomy": [],
                        "allow_null": 0,
                        "multiple": 0,
                        "return_format": "object",
                        "ui": 1
                    },
                    {
                        "key": "field_58bee32bec987",
                        "label": "Item Qty",
                        "name": "item_qty",
                        "type": "text",
                        "instructions": "",
                        "required": 0,
                        "conditional_logic": 0,
                        "wrapper": {
                            "width": "",
                            "class": "",
                            "id": ""
                        },
                        "default_value": "",
                        "placeholder": "",
                        "prepend": "",
                        "append": "",
                        "maxlength": ""
                    },
                    {
                        "key": "field_58bee334ec988",
                        "label": "Item Date",
                        "name": "item_date",
                        "type": "date_time_picker",
                        "instructions": "",
                        "required": 0,
                        "conditional_logic": 0,
                        "wrapper": {
                            "width": "",
                            "class": "",
                            "id": ""
                        },
                        "display_format": "d\/m\/Y g:i a",
                        "return_format": "d\/m\/Y g:i a",
                        "first_day": 1
                    }
                ]
            },
            {
                "key": "field_58bee54e3a6c7",
                "label": "Other",
                "name": "",
                "type": "tab",
                "instructions": "",
                "required": 0,
                "conditional_logic": 0,
                "wrapper": {
                    "width": "",
                    "class": "",
                    "id": ""
                },
                "placement": "top",
                "endpoint": 0
            }
        ],
        "location": [
            [
                {
                    "param": "post_type",
                    "operator": "==",
                    "value": "inventory"
                }
            ]
        ],
        "menu_order": 0,
        "position": "normal",
        "style": "default",
        "label_placement": "left",
        "instruction_placement": "label",
        "hide_on_screen": "",
        "active": 1,
        "description": ""
    }
]