<?xml version="1.0" encoding="UTF-8" ?>
<!-- This is a WordPress eXtended RSS file generated by WordPress as an export of your site. -->
<!-- It contains information about your site's posts, pages, comments, categories, and other content. -->
<!-- You may use this file to transfer that content from one site to another. -->
<!-- This file is not intended to serve as a complete backup of your site. -->

<!-- To import this information into a WordPress site follow these steps: -->
<!-- 1. Log in to that site as an administrator. -->
<!-- 2. Go to Tools: Import in the WordPress admin panel. -->
<!-- 3. Install the "WordPress" importer from the list. -->
<!-- 4. Activate & Run Importer. -->
<!-- 5. Upload this file using the form provided on that page. -->
<!-- 6. You will first be asked to map the authors in this export file to users -->
<!--    on the site. For each author, you may choose to map to an -->
<!--    existing user on the site or to create a new user. -->
<!-- 7. WordPress will then import each of the posts, pages, comments, categories, etc. -->
<!--    contained in this file into your site. -->

<!-- generator="WordPress/4.7.4" created="2017-05-01 18:02" -->
<rss version="2.0"
	xmlns:excerpt="http://wordpress.org/export/1.2/excerpt/"
	xmlns:content="http://purl.org/rss/1.0/modules/content/"
	xmlns:wfw="http://wellformedweb.org/CommentAPI/"
	xmlns:dc="http://purl.org/dc/elements/1.1/"
	xmlns:wp="http://wordpress.org/export/1.2/"
>

<channel>
	<title>sandbox</title>
	<link>http://www.sandbox.dev</link>
	<description>Just another WordPress site</description>
	<pubDate>Mon, 01 May 2017 18:02:03 +0000</pubDate>
	<language>en-US</language>
	<wp:wxr_version>1.2</wp:wxr_version>
	<wp:base_site_url>http://www.sandbox.dev</wp:base_site_url>
	<wp:base_blog_url>http://www.sandbox.dev</wp:base_blog_url>

	<wp:author><wp:author_id>1</wp:author_id><wp:author_login><![CDATA[dev]]></wp:author_login><wp:author_email><![CDATA[dev@dev.com]]></wp:author_email><wp:author_display_name><![CDATA[dev]]></wp:author_display_name><wp:author_first_name><![CDATA[]]></wp:author_first_name><wp:author_last_name><![CDATA[]]></wp:author_last_name></wp:author>


	<generator>https://wordpress.org/?v=4.7.4</generator>

	<item>
		<title>Assembly One</title>
		<link>http://www.sandbox.dev/assembly/assembly-one/</link>
		<pubDate>Mon, 01 May 2017 13:02:21 +0000</pubDate>
		<dc:creator><![CDATA[dev]]></dc:creator>
		<guid isPermaLink="false">http://www.sandbox.dev/?post_type=assembly&#038;p=162</guid>
		<description></description>
		<content:encoded><![CDATA[]]></content:encoded>
		<excerpt:encoded><![CDATA[]]></excerpt:encoded>
		<wp:post_id>162</wp:post_id>
		<wp:post_date><![CDATA[2017-05-01 13:02:21]]></wp:post_date>
		<wp:post_date_gmt><![CDATA[2017-05-01 13:02:21]]></wp:post_date_gmt>
		<wp:comment_status><![CDATA[closed]]></wp:comment_status>
		<wp:ping_status><![CDATA[closed]]></wp:ping_status>
		<wp:post_name><![CDATA[assembly-one]]></wp:post_name>
		<wp:status><![CDATA[publish]]></wp:status>
		<wp:post_parent>0</wp:post_parent>
		<wp:menu_order>0</wp:menu_order>
		<wp:post_type><![CDATA[assembly]]></wp:post_type>
		<wp:post_password><![CDATA[]]></wp:post_password>
		<wp:is_sticky>0</wp:is_sticky>
		<category domain="assembly_category" nicename="cat-four"><![CDATA[Cat four]]></category>
		<category domain="assembly_category" nicename="cat-two"><![CDATA[Cat two]]></category>
		<wp:postmeta>
			<wp:meta_key><![CDATA[_edit_last]]></wp:meta_key>
			<wp:meta_value><![CDATA[1]]></wp:meta_value>
		</wp:postmeta>
		<wp:postmeta>
			<wp:meta_key><![CDATA[assembly_id]]></wp:meta_key>
			<wp:meta_value><![CDATA[one]]></wp:meta_value>
		</wp:postmeta>
		<wp:postmeta>
			<wp:meta_key><![CDATA[_assembly_id]]></wp:meta_key>
			<wp:meta_value><![CDATA[field_58bec9cbae35a]]></wp:meta_value>
		</wp:postmeta>
		<wp:postmeta>
			<wp:meta_key><![CDATA[assembly_no]]></wp:meta_key>
			<wp:meta_value><![CDATA[two]]></wp:meta_value>
		</wp:postmeta>
		<wp:postmeta>
			<wp:meta_key><![CDATA[_assembly_no]]></wp:meta_key>
			<wp:meta_value><![CDATA[field_58bec9d3ae35b]]></wp:meta_value>
		</wp:postmeta>
		<wp:postmeta>
			<wp:meta_key><![CDATA[assembly_name]]></wp:meta_key>
			<wp:meta_value><![CDATA[two]]></wp:meta_value>
		</wp:postmeta>
		<wp:postmeta>
			<wp:meta_key><![CDATA[_assembly_name]]></wp:meta_key>
			<wp:meta_value><![CDATA[field_58bec9d8ae35c]]></wp:meta_value>
		</wp:postmeta>
		<wp:postmeta>
			<wp:meta_key><![CDATA[assembly_category]]></wp:meta_key>
			<wp:meta_value><![CDATA[a:2:{i:0;s:2:"30";i:1;s:2:"27";}]]></wp:meta_value>
		</wp:postmeta>
		<wp:postmeta>
			<wp:meta_key><![CDATA[_assembly_category]]></wp:meta_key>
			<wp:meta_value><![CDATA[field_58bed73b66f46]]></wp:meta_value>
		</wp:postmeta>
		<wp:postmeta>
			<wp:meta_key><![CDATA[assembly_description]]></wp:meta_key>
			<wp:meta_value><![CDATA[]]></wp:meta_value>
		</wp:postmeta>
		<wp:postmeta>
			<wp:meta_key><![CDATA[_assembly_description]]></wp:meta_key>
			<wp:meta_value><![CDATA[field_58bed72466f45]]></wp:meta_value>
		</wp:postmeta>
		<wp:postmeta>
			<wp:meta_key><![CDATA[sub-assemblies]]></wp:meta_key>
			<wp:meta_value><![CDATA[]]></wp:meta_value>
		</wp:postmeta>
		<wp:postmeta>
			<wp:meta_key><![CDATA[_sub-assemblies]]></wp:meta_key>
			<wp:meta_value><![CDATA[field_58bec9fc4dcd4]]></wp:meta_value>
		</wp:postmeta>
		<wp:postmeta>
			<wp:meta_key><![CDATA[assembly_files]]></wp:meta_key>
			<wp:meta_value><![CDATA[]]></wp:meta_value>
		</wp:postmeta>
		<wp:postmeta>
			<wp:meta_key><![CDATA[_assembly_files]]></wp:meta_key>
			<wp:meta_value><![CDATA[field_58bed77ab852a]]></wp:meta_value>
		</wp:postmeta>
		<wp:postmeta>
			<wp:meta_key><![CDATA[assembly_images]]></wp:meta_key>
			<wp:meta_value><![CDATA[]]></wp:meta_value>
		</wp:postmeta>
		<wp:postmeta>
			<wp:meta_key><![CDATA[_assembly_images]]></wp:meta_key>
			<wp:meta_value><![CDATA[field_58bed7a7b852b]]></wp:meta_value>
		</wp:postmeta>
	</item>
	<item>
		<title>Assembly two</title>
		<link>http://www.sandbox.dev/assembly/assembly-one-2/</link>
		<pubDate>Mon, 01 May 2017 13:02:21 +0000</pubDate>
		<dc:creator><![CDATA[dev]]></dc:creator>
		<guid isPermaLink="false">http://www.sandbox.dev/assembly/assembly-one-2/</guid>
		<description></description>
		<content:encoded><![CDATA[]]></content:encoded>
		<excerpt:encoded><![CDATA[]]></excerpt:encoded>
		<wp:post_id>195</wp:post_id>
		<wp:post_date><![CDATA[2017-05-01 13:02:21]]></wp:post_date>
		<wp:post_date_gmt><![CDATA[2017-05-01 13:02:21]]></wp:post_date_gmt>
		<wp:comment_status><![CDATA[closed]]></wp:comment_status>
		<wp:ping_status><![CDATA[closed]]></wp:ping_status>
		<wp:post_name><![CDATA[assembly-one-2]]></wp:post_name>
		<wp:status><![CDATA[publish]]></wp:status>
		<wp:post_parent>0</wp:post_parent>
		<wp:menu_order>0</wp:menu_order>
		<wp:post_type><![CDATA[assembly]]></wp:post_type>
		<wp:post_password><![CDATA[]]></wp:post_password>
		<wp:is_sticky>0</wp:is_sticky>
		<category domain="assembly_category" nicename="cat-two"><![CDATA[Cat two]]></category>
		<wp:postmeta>
			<wp:meta_key><![CDATA[assembly_id]]></wp:meta_key>
			<wp:meta_value><![CDATA[two]]></wp:meta_value>
		</wp:postmeta>
		<wp:postmeta>
			<wp:meta_key><![CDATA[_assembly_id]]></wp:meta_key>
			<wp:meta_value><![CDATA[field_58bec9cbae35a]]></wp:meta_value>
		</wp:postmeta>
		<wp:postmeta>
			<wp:meta_key><![CDATA[assembly_no]]></wp:meta_key>
			<wp:meta_value><![CDATA[two]]></wp:meta_value>
		</wp:postmeta>
		<wp:postmeta>
			<wp:meta_key><![CDATA[_assembly_no]]></wp:meta_key>
			<wp:meta_value><![CDATA[field_58bec9d3ae35b]]></wp:meta_value>
		</wp:postmeta>
		<wp:postmeta>
			<wp:meta_key><![CDATA[assembly_name]]></wp:meta_key>
			<wp:meta_value><![CDATA[two]]></wp:meta_value>
		</wp:postmeta>
		<wp:postmeta>
			<wp:meta_key><![CDATA[_assembly_name]]></wp:meta_key>
			<wp:meta_value><![CDATA[field_58bec9d8ae35c]]></wp:meta_value>
		</wp:postmeta>
		<wp:postmeta>
			<wp:meta_key><![CDATA[assembly_category]]></wp:meta_key>
			<wp:meta_value><![CDATA[a:1:{i:0;s:2:"27";}]]></wp:meta_value>
		</wp:postmeta>
		<wp:postmeta>
			<wp:meta_key><![CDATA[_assembly_category]]></wp:meta_key>
			<wp:meta_value><![CDATA[field_58bed73b66f46]]></wp:meta_value>
		</wp:postmeta>
		<wp:postmeta>
			<wp:meta_key><![CDATA[assembly_description]]></wp:meta_key>
			<wp:meta_value><![CDATA[]]></wp:meta_value>
		</wp:postmeta>
		<wp:postmeta>
			<wp:meta_key><![CDATA[_assembly_description]]></wp:meta_key>
			<wp:meta_value><![CDATA[field_58bed72466f45]]></wp:meta_value>
		</wp:postmeta>
		<wp:postmeta>
			<wp:meta_key><![CDATA[sub-assemblies]]></wp:meta_key>
			<wp:meta_value><![CDATA[]]></wp:meta_value>
		</wp:postmeta>
		<wp:postmeta>
			<wp:meta_key><![CDATA[_sub-assemblies]]></wp:meta_key>
			<wp:meta_value><![CDATA[field_58bec9fc4dcd4]]></wp:meta_value>
		</wp:postmeta>
		<wp:postmeta>
			<wp:meta_key><![CDATA[assembly_files]]></wp:meta_key>
			<wp:meta_value><![CDATA[]]></wp:meta_value>
		</wp:postmeta>
		<wp:postmeta>
			<wp:meta_key><![CDATA[_assembly_files]]></wp:meta_key>
			<wp:meta_value><![CDATA[field_58bed77ab852a]]></wp:meta_value>
		</wp:postmeta>
		<wp:postmeta>
			<wp:meta_key><![CDATA[assembly_images]]></wp:meta_key>
			<wp:meta_value><![CDATA[]]></wp:meta_value>
		</wp:postmeta>
		<wp:postmeta>
			<wp:meta_key><![CDATA[_assembly_images]]></wp:meta_key>
			<wp:meta_value><![CDATA[field_58bed7a7b852b]]></wp:meta_value>
		</wp:postmeta>
		<wp:postmeta>
			<wp:meta_key><![CDATA[_dp_original]]></wp:meta_key>
			<wp:meta_value><![CDATA[162]]></wp:meta_value>
		</wp:postmeta>
		<wp:postmeta>
			<wp:meta_key><![CDATA[_edit_last]]></wp:meta_key>
			<wp:meta_value><![CDATA[1]]></wp:meta_value>
		</wp:postmeta>
	</item>
	<item>
		<title>Assembly three</title>
		<link>http://www.sandbox.dev/assembly/assembly-one-2-2/</link>
		<pubDate>Mon, 01 May 2017 13:02:21 +0000</pubDate>
		<dc:creator><![CDATA[dev]]></dc:creator>
		<guid isPermaLink="false">http://www.sandbox.dev/assembly/assembly-two/</guid>
		<description></description>
		<content:encoded><![CDATA[]]></content:encoded>
		<excerpt:encoded><![CDATA[]]></excerpt:encoded>
		<wp:post_id>198</wp:post_id>
		<wp:post_date><![CDATA[2017-05-01 13:02:21]]></wp:post_date>
		<wp:post_date_gmt><![CDATA[2017-05-01 13:02:21]]></wp:post_date_gmt>
		<wp:comment_status><![CDATA[closed]]></wp:comment_status>
		<wp:ping_status><![CDATA[closed]]></wp:ping_status>
		<wp:post_name><![CDATA[assembly-one-2-2]]></wp:post_name>
		<wp:status><![CDATA[publish]]></wp:status>
		<wp:post_parent>0</wp:post_parent>
		<wp:menu_order>0</wp:menu_order>
		<wp:post_type><![CDATA[assembly]]></wp:post_type>
		<wp:post_password><![CDATA[]]></wp:post_password>
		<wp:is_sticky>0</wp:is_sticky>
		<category domain="assembly_category" nicename="cat-three"><![CDATA[Cat three]]></category>
		<category domain="assembly_category" nicename="cat-two"><![CDATA[Cat two]]></category>
		<wp:postmeta>
			<wp:meta_key><![CDATA[assembly_id]]></wp:meta_key>
			<wp:meta_value><![CDATA[two]]></wp:meta_value>
		</wp:postmeta>
		<wp:postmeta>
			<wp:meta_key><![CDATA[_assembly_id]]></wp:meta_key>
			<wp:meta_value><![CDATA[field_58bec9cbae35a]]></wp:meta_value>
		</wp:postmeta>
		<wp:postmeta>
			<wp:meta_key><![CDATA[assembly_no]]></wp:meta_key>
			<wp:meta_value><![CDATA[two]]></wp:meta_value>
		</wp:postmeta>
		<wp:postmeta>
			<wp:meta_key><![CDATA[_assembly_no]]></wp:meta_key>
			<wp:meta_value><![CDATA[field_58bec9d3ae35b]]></wp:meta_value>
		</wp:postmeta>
		<wp:postmeta>
			<wp:meta_key><![CDATA[assembly_name]]></wp:meta_key>
			<wp:meta_value><![CDATA[two]]></wp:meta_value>
		</wp:postmeta>
		<wp:postmeta>
			<wp:meta_key><![CDATA[_assembly_name]]></wp:meta_key>
			<wp:meta_value><![CDATA[field_58bec9d8ae35c]]></wp:meta_value>
		</wp:postmeta>
		<wp:postmeta>
			<wp:meta_key><![CDATA[assembly_category]]></wp:meta_key>
			<wp:meta_value><![CDATA[a:2:{i:0;s:2:"29";i:1;s:2:"27";}]]></wp:meta_value>
		</wp:postmeta>
		<wp:postmeta>
			<wp:meta_key><![CDATA[_assembly_category]]></wp:meta_key>
			<wp:meta_value><![CDATA[field_58bed73b66f46]]></wp:meta_value>
		</wp:postmeta>
		<wp:postmeta>
			<wp:meta_key><![CDATA[assembly_description]]></wp:meta_key>
			<wp:meta_value><![CDATA[]]></wp:meta_value>
		</wp:postmeta>
		<wp:postmeta>
			<wp:meta_key><![CDATA[_assembly_description]]></wp:meta_key>
			<wp:meta_value><![CDATA[field_58bed72466f45]]></wp:meta_value>
		</wp:postmeta>
		<wp:postmeta>
			<wp:meta_key><![CDATA[sub-assemblies]]></wp:meta_key>
			<wp:meta_value><![CDATA[]]></wp:meta_value>
		</wp:postmeta>
		<wp:postmeta>
			<wp:meta_key><![CDATA[_sub-assemblies]]></wp:meta_key>
			<wp:meta_value><![CDATA[field_58bec9fc4dcd4]]></wp:meta_value>
		</wp:postmeta>
		<wp:postmeta>
			<wp:meta_key><![CDATA[assembly_files]]></wp:meta_key>
			<wp:meta_value><![CDATA[]]></wp:meta_value>
		</wp:postmeta>
		<wp:postmeta>
			<wp:meta_key><![CDATA[_assembly_files]]></wp:meta_key>
			<wp:meta_value><![CDATA[field_58bed77ab852a]]></wp:meta_value>
		</wp:postmeta>
		<wp:postmeta>
			<wp:meta_key><![CDATA[assembly_images]]></wp:meta_key>
			<wp:meta_value><![CDATA[]]></wp:meta_value>
		</wp:postmeta>
		<wp:postmeta>
			<wp:meta_key><![CDATA[_assembly_images]]></wp:meta_key>
			<wp:meta_value><![CDATA[field_58bed7a7b852b]]></wp:meta_value>
		</wp:postmeta>
		<wp:postmeta>
			<wp:meta_key><![CDATA[_dp_original]]></wp:meta_key>
			<wp:meta_value><![CDATA[195]]></wp:meta_value>
		</wp:postmeta>
		<wp:postmeta>
			<wp:meta_key><![CDATA[_edit_last]]></wp:meta_key>
			<wp:meta_value><![CDATA[1]]></wp:meta_value>
		</wp:postmeta>
	</item>
	<item>
		<title>Assembly four</title>
		<link>http://www.sandbox.dev/assembly/assembly-four/</link>
		<pubDate>Mon, 01 May 2017 13:02:21 +0000</pubDate>
		<dc:creator><![CDATA[dev]]></dc:creator>
		<guid isPermaLink="false">http://www.sandbox.dev/?post_type=assembly&#038;p=201</guid>
		<description></description>
		<content:encoded><![CDATA[]]></content:encoded>
		<excerpt:encoded><![CDATA[]]></excerpt:encoded>
		<wp:post_id>201</wp:post_id>
		<wp:post_date><![CDATA[2017-05-01 13:02:21]]></wp:post_date>
		<wp:post_date_gmt><![CDATA[2017-05-01 13:02:21]]></wp:post_date_gmt>
		<wp:comment_status><![CDATA[closed]]></wp:comment_status>
		<wp:ping_status><![CDATA[closed]]></wp:ping_status>
		<wp:post_name><![CDATA[assembly-four]]></wp:post_name>
		<wp:status><![CDATA[publish]]></wp:status>
		<wp:post_parent>0</wp:post_parent>
		<wp:menu_order>0</wp:menu_order>
		<wp:post_type><![CDATA[assembly]]></wp:post_type>
		<wp:post_password><![CDATA[]]></wp:post_password>
		<wp:is_sticky>0</wp:is_sticky>
		<category domain="assembly_category" nicename="cat-three"><![CDATA[Cat three]]></category>
		<category domain="assembly_category" nicename="cat-two"><![CDATA[Cat two]]></category>
		<wp:postmeta>
			<wp:meta_key><![CDATA[assembly_id]]></wp:meta_key>
			<wp:meta_value><![CDATA[four]]></wp:meta_value>
		</wp:postmeta>
		<wp:postmeta>
			<wp:meta_key><![CDATA[_assembly_id]]></wp:meta_key>
			<wp:meta_value><![CDATA[field_58bec9cbae35a]]></wp:meta_value>
		</wp:postmeta>
		<wp:postmeta>
			<wp:meta_key><![CDATA[assembly_no]]></wp:meta_key>
			<wp:meta_value><![CDATA[four]]></wp:meta_value>
		</wp:postmeta>
		<wp:postmeta>
			<wp:meta_key><![CDATA[_assembly_no]]></wp:meta_key>
			<wp:meta_value><![CDATA[field_58bec9d3ae35b]]></wp:meta_value>
		</wp:postmeta>
		<wp:postmeta>
			<wp:meta_key><![CDATA[assembly_name]]></wp:meta_key>
			<wp:meta_value><![CDATA[four]]></wp:meta_value>
		</wp:postmeta>
		<wp:postmeta>
			<wp:meta_key><![CDATA[_assembly_name]]></wp:meta_key>
			<wp:meta_value><![CDATA[field_58bec9d8ae35c]]></wp:meta_value>
		</wp:postmeta>
		<wp:postmeta>
			<wp:meta_key><![CDATA[assembly_category]]></wp:meta_key>
			<wp:meta_value><![CDATA[a:2:{i:0;s:2:"29";i:1;s:2:"27";}]]></wp:meta_value>
		</wp:postmeta>
		<wp:postmeta>
			<wp:meta_key><![CDATA[_assembly_category]]></wp:meta_key>
			<wp:meta_value><![CDATA[field_58bed73b66f46]]></wp:meta_value>
		</wp:postmeta>
		<wp:postmeta>
			<wp:meta_key><![CDATA[assembly_description]]></wp:meta_key>
			<wp:meta_value><![CDATA[]]></wp:meta_value>
		</wp:postmeta>
		<wp:postmeta>
			<wp:meta_key><![CDATA[_assembly_description]]></wp:meta_key>
			<wp:meta_value><![CDATA[field_58bed72466f45]]></wp:meta_value>
		</wp:postmeta>
		<wp:postmeta>
			<wp:meta_key><![CDATA[sub-assemblies]]></wp:meta_key>
			<wp:meta_value><![CDATA[]]></wp:meta_value>
		</wp:postmeta>
		<wp:postmeta>
			<wp:meta_key><![CDATA[_sub-assemblies]]></wp:meta_key>
			<wp:meta_value><![CDATA[field_58bec9fc4dcd4]]></wp:meta_value>
		</wp:postmeta>
		<wp:postmeta>
			<wp:meta_key><![CDATA[assembly_files]]></wp:meta_key>
			<wp:meta_value><![CDATA[]]></wp:meta_value>
		</wp:postmeta>
		<wp:postmeta>
			<wp:meta_key><![CDATA[_assembly_files]]></wp:meta_key>
			<wp:meta_value><![CDATA[field_58bed77ab852a]]></wp:meta_value>
		</wp:postmeta>
		<wp:postmeta>
			<wp:meta_key><![CDATA[assembly_images]]></wp:meta_key>
			<wp:meta_value><![CDATA[]]></wp:meta_value>
		</wp:postmeta>
		<wp:postmeta>
			<wp:meta_key><![CDATA[_assembly_images]]></wp:meta_key>
			<wp:meta_value><![CDATA[field_58bed7a7b852b]]></wp:meta_value>
		</wp:postmeta>
		<wp:postmeta>
			<wp:meta_key><![CDATA[_dp_original]]></wp:meta_key>
			<wp:meta_value><![CDATA[198]]></wp:meta_value>
		</wp:postmeta>
		<wp:postmeta>
			<wp:meta_key><![CDATA[_edit_last]]></wp:meta_key>
			<wp:meta_value><![CDATA[1]]></wp:meta_value>
		</wp:postmeta>
	</item>
</channel>
</rss>
