<?xml version="1.0" encoding="UTF-8" ?>
<!-- This is a WordPress eXtended RSS file generated by WordPress as an export of your site. -->
<!-- It contains information about your site's posts, pages, comments, categories, and other content. -->
<!-- You may use this file to transfer that content from one site to another. -->
<!-- This file is not intended to serve as a complete backup of your site. -->

<!-- To import this information into a WordPress site follow these steps: -->
<!-- 1. Log in to that site as an administrator. -->
<!-- 2. Go to Tools: Import in the WordPress admin panel. -->
<!-- 3. Install the "WordPress" importer from the list. -->
<!-- 4. Activate & Run Importer. -->
<!-- 5. Upload this file using the form provided on that page. -->
<!-- 6. You will first be asked to map the authors in this export file to users -->
<!--    on the site. For each author, you may choose to map to an -->
<!--    existing user on the site or to create a new user. -->
<!-- 7. WordPress will then import each of the posts, pages, comments, categories, etc. -->
<!--    contained in this file into your site. -->

<!-- generator="WordPress/4.7.4" created="2017-05-01 18:02" -->
<rss version="2.0"
	xmlns:excerpt="http://wordpress.org/export/1.2/excerpt/"
	xmlns:content="http://purl.org/rss/1.0/modules/content/"
	xmlns:wfw="http://wellformedweb.org/CommentAPI/"
	xmlns:dc="http://purl.org/dc/elements/1.1/"
	xmlns:wp="http://wordpress.org/export/1.2/"
>

<channel>
	<title>sandbox</title>
	<link>http://www.sandbox.dev</link>
	<description>Just another WordPress site</description>
	<pubDate>Mon, 01 May 2017 18:02:06 +0000</pubDate>
	<language>en-US</language>
	<wp:wxr_version>1.2</wp:wxr_version>
	<wp:base_site_url>http://www.sandbox.dev</wp:base_site_url>
	<wp:base_blog_url>http://www.sandbox.dev</wp:base_blog_url>

	<wp:author><wp:author_id>1</wp:author_id><wp:author_login><![CDATA[dev]]></wp:author_login><wp:author_email><![CDATA[dev@dev.com]]></wp:author_email><wp:author_display_name><![CDATA[dev]]></wp:author_display_name><wp:author_first_name><![CDATA[]]></wp:author_first_name><wp:author_last_name><![CDATA[]]></wp:author_last_name></wp:author>


	<generator>https://wordpress.org/?v=4.7.4</generator>

	<item>
		<title>Part a</title>
		<link>http://www.sandbox.dev/part/part-a/</link>
		<pubDate>Mon, 01 May 2017 17:57:55 +0000</pubDate>
		<dc:creator><![CDATA[dev]]></dc:creator>
		<guid isPermaLink="false">http://www.sandbox.dev/?post_type=part&#038;p=206</guid>
		<description></description>
		<content:encoded><![CDATA[]]></content:encoded>
		<excerpt:encoded><![CDATA[]]></excerpt:encoded>
		<wp:post_id>206</wp:post_id>
		<wp:post_date><![CDATA[2017-05-01 17:57:55]]></wp:post_date>
		<wp:post_date_gmt><![CDATA[2017-05-01 17:57:55]]></wp:post_date_gmt>
		<wp:comment_status><![CDATA[closed]]></wp:comment_status>
		<wp:ping_status><![CDATA[closed]]></wp:ping_status>
		<wp:post_name><![CDATA[part-a]]></wp:post_name>
		<wp:status><![CDATA[publish]]></wp:status>
		<wp:post_parent>0</wp:post_parent>
		<wp:menu_order>0</wp:menu_order>
		<wp:post_type><![CDATA[part]]></wp:post_type>
		<wp:post_password><![CDATA[]]></wp:post_password>
		<wp:is_sticky>0</wp:is_sticky>
		<category domain="part-category" nicename="part"><![CDATA[Part]]></category>
		<wp:postmeta>
			<wp:meta_key><![CDATA[_edit_last]]></wp:meta_key>
			<wp:meta_value><![CDATA[1]]></wp:meta_value>
		</wp:postmeta>
		<wp:postmeta>
			<wp:meta_key><![CDATA[part_id]]></wp:meta_key>
			<wp:meta_value><![CDATA[a]]></wp:meta_value>
		</wp:postmeta>
		<wp:postmeta>
			<wp:meta_key><![CDATA[_part_id]]></wp:meta_key>
			<wp:meta_value><![CDATA[field_58be21cb63558]]></wp:meta_value>
		</wp:postmeta>
		<wp:postmeta>
			<wp:meta_key><![CDATA[part_no]]></wp:meta_key>
			<wp:meta_value><![CDATA[a]]></wp:meta_value>
		</wp:postmeta>
		<wp:postmeta>
			<wp:meta_key><![CDATA[_part_no]]></wp:meta_key>
			<wp:meta_value><![CDATA[field_58be224180f49]]></wp:meta_value>
		</wp:postmeta>
		<wp:postmeta>
			<wp:meta_key><![CDATA[part_category]]></wp:meta_key>
			<wp:meta_value><![CDATA[a:1:{i:0;s:2:"19";}]]></wp:meta_value>
		</wp:postmeta>
		<wp:postmeta>
			<wp:meta_key><![CDATA[_part_category]]></wp:meta_key>
			<wp:meta_value><![CDATA[field_58bed5eb041ea]]></wp:meta_value>
		</wp:postmeta>
		<wp:postmeta>
			<wp:meta_key><![CDATA[part_name]]></wp:meta_key>
			<wp:meta_value><![CDATA[a]]></wp:meta_value>
		</wp:postmeta>
		<wp:postmeta>
			<wp:meta_key><![CDATA[_part_name]]></wp:meta_key>
			<wp:meta_value><![CDATA[field_58be224e80f4a]]></wp:meta_value>
		</wp:postmeta>
		<wp:postmeta>
			<wp:meta_key><![CDATA[part_sku]]></wp:meta_key>
			<wp:meta_value><![CDATA[]]></wp:meta_value>
		</wp:postmeta>
		<wp:postmeta>
			<wp:meta_key><![CDATA[_part_sku]]></wp:meta_key>
			<wp:meta_value><![CDATA[field_58be2211b049f]]></wp:meta_value>
		</wp:postmeta>
		<wp:postmeta>
			<wp:meta_key><![CDATA[part_description]]></wp:meta_key>
			<wp:meta_value><![CDATA[]]></wp:meta_value>
		</wp:postmeta>
		<wp:postmeta>
			<wp:meta_key><![CDATA[_part_description]]></wp:meta_key>
			<wp:meta_value><![CDATA[field_58be225a80f4b]]></wp:meta_value>
		</wp:postmeta>
		<wp:postmeta>
			<wp:meta_key><![CDATA[part_units]]></wp:meta_key>
			<wp:meta_value><![CDATA[]]></wp:meta_value>
		</wp:postmeta>
		<wp:postmeta>
			<wp:meta_key><![CDATA[_part_units]]></wp:meta_key>
			<wp:meta_value><![CDATA[field_58be23ec87b4e]]></wp:meta_value>
		</wp:postmeta>
		<wp:postmeta>
			<wp:meta_key><![CDATA[part_cost]]></wp:meta_key>
			<wp:meta_value><![CDATA[]]></wp:meta_value>
		</wp:postmeta>
		<wp:postmeta>
			<wp:meta_key><![CDATA[_part_cost]]></wp:meta_key>
			<wp:meta_value><![CDATA[field_58be26e874984]]></wp:meta_value>
		</wp:postmeta>
		<wp:postmeta>
			<wp:meta_key><![CDATA[part_weight]]></wp:meta_key>
			<wp:meta_value><![CDATA[]]></wp:meta_value>
		</wp:postmeta>
		<wp:postmeta>
			<wp:meta_key><![CDATA[_part_weight]]></wp:meta_key>
			<wp:meta_value><![CDATA[field_58be25d7bc42b]]></wp:meta_value>
		</wp:postmeta>
		<wp:postmeta>
			<wp:meta_key><![CDATA[part_measurement]]></wp:meta_key>
			<wp:meta_value><![CDATA[]]></wp:meta_value>
		</wp:postmeta>
		<wp:postmeta>
			<wp:meta_key><![CDATA[_part_measurement]]></wp:meta_key>
			<wp:meta_value><![CDATA[field_58be27115df5e]]></wp:meta_value>
		</wp:postmeta>
		<wp:postmeta>
			<wp:meta_key><![CDATA[part_notes]]></wp:meta_key>
			<wp:meta_value><![CDATA[]]></wp:meta_value>
		</wp:postmeta>
		<wp:postmeta>
			<wp:meta_key><![CDATA[_part_notes]]></wp:meta_key>
			<wp:meta_value><![CDATA[field_58be268b32e00]]></wp:meta_value>
		</wp:postmeta>
	</item>
	<item>
		<title>Part b</title>
		<link>http://www.sandbox.dev/part/part-b/</link>
		<pubDate>Mon, 01 May 2017 17:57:55 +0000</pubDate>
		<dc:creator><![CDATA[dev]]></dc:creator>
		<guid isPermaLink="false">http://www.sandbox.dev/?post_type=part&#038;p=208</guid>
		<description></description>
		<content:encoded><![CDATA[]]></content:encoded>
		<excerpt:encoded><![CDATA[]]></excerpt:encoded>
		<wp:post_id>208</wp:post_id>
		<wp:post_date><![CDATA[2017-05-01 17:57:55]]></wp:post_date>
		<wp:post_date_gmt><![CDATA[2017-05-01 17:57:55]]></wp:post_date_gmt>
		<wp:comment_status><![CDATA[closed]]></wp:comment_status>
		<wp:ping_status><![CDATA[closed]]></wp:ping_status>
		<wp:post_name><![CDATA[part-b]]></wp:post_name>
		<wp:status><![CDATA[publish]]></wp:status>
		<wp:post_parent>0</wp:post_parent>
		<wp:menu_order>0</wp:menu_order>
		<wp:post_type><![CDATA[part]]></wp:post_type>
		<wp:post_password><![CDATA[]]></wp:post_password>
		<wp:is_sticky>0</wp:is_sticky>
		<category domain="part-category" nicename="part"><![CDATA[Part]]></category>
		<wp:postmeta>
			<wp:meta_key><![CDATA[part_id]]></wp:meta_key>
			<wp:meta_value><![CDATA[b]]></wp:meta_value>
		</wp:postmeta>
		<wp:postmeta>
			<wp:meta_key><![CDATA[_part_id]]></wp:meta_key>
			<wp:meta_value><![CDATA[field_58be21cb63558]]></wp:meta_value>
		</wp:postmeta>
		<wp:postmeta>
			<wp:meta_key><![CDATA[part_no]]></wp:meta_key>
			<wp:meta_value><![CDATA[b]]></wp:meta_value>
		</wp:postmeta>
		<wp:postmeta>
			<wp:meta_key><![CDATA[_part_no]]></wp:meta_key>
			<wp:meta_value><![CDATA[field_58be224180f49]]></wp:meta_value>
		</wp:postmeta>
		<wp:postmeta>
			<wp:meta_key><![CDATA[part_category]]></wp:meta_key>
			<wp:meta_value><![CDATA[a:1:{i:0;s:2:"19";}]]></wp:meta_value>
		</wp:postmeta>
		<wp:postmeta>
			<wp:meta_key><![CDATA[_part_category]]></wp:meta_key>
			<wp:meta_value><![CDATA[field_58bed5eb041ea]]></wp:meta_value>
		</wp:postmeta>
		<wp:postmeta>
			<wp:meta_key><![CDATA[part_name]]></wp:meta_key>
			<wp:meta_value><![CDATA[a]]></wp:meta_value>
		</wp:postmeta>
		<wp:postmeta>
			<wp:meta_key><![CDATA[_part_name]]></wp:meta_key>
			<wp:meta_value><![CDATA[field_58be224e80f4a]]></wp:meta_value>
		</wp:postmeta>
		<wp:postmeta>
			<wp:meta_key><![CDATA[part_sku]]></wp:meta_key>
			<wp:meta_value><![CDATA[]]></wp:meta_value>
		</wp:postmeta>
		<wp:postmeta>
			<wp:meta_key><![CDATA[_part_sku]]></wp:meta_key>
			<wp:meta_value><![CDATA[field_58be2211b049f]]></wp:meta_value>
		</wp:postmeta>
		<wp:postmeta>
			<wp:meta_key><![CDATA[part_description]]></wp:meta_key>
			<wp:meta_value><![CDATA[]]></wp:meta_value>
		</wp:postmeta>
		<wp:postmeta>
			<wp:meta_key><![CDATA[_part_description]]></wp:meta_key>
			<wp:meta_value><![CDATA[field_58be225a80f4b]]></wp:meta_value>
		</wp:postmeta>
		<wp:postmeta>
			<wp:meta_key><![CDATA[part_units]]></wp:meta_key>
			<wp:meta_value><![CDATA[]]></wp:meta_value>
		</wp:postmeta>
		<wp:postmeta>
			<wp:meta_key><![CDATA[_part_units]]></wp:meta_key>
			<wp:meta_value><![CDATA[field_58be23ec87b4e]]></wp:meta_value>
		</wp:postmeta>
		<wp:postmeta>
			<wp:meta_key><![CDATA[part_cost]]></wp:meta_key>
			<wp:meta_value><![CDATA[]]></wp:meta_value>
		</wp:postmeta>
		<wp:postmeta>
			<wp:meta_key><![CDATA[_part_cost]]></wp:meta_key>
			<wp:meta_value><![CDATA[field_58be26e874984]]></wp:meta_value>
		</wp:postmeta>
		<wp:postmeta>
			<wp:meta_key><![CDATA[part_weight]]></wp:meta_key>
			<wp:meta_value><![CDATA[]]></wp:meta_value>
		</wp:postmeta>
		<wp:postmeta>
			<wp:meta_key><![CDATA[_part_weight]]></wp:meta_key>
			<wp:meta_value><![CDATA[field_58be25d7bc42b]]></wp:meta_value>
		</wp:postmeta>
		<wp:postmeta>
			<wp:meta_key><![CDATA[part_measurement]]></wp:meta_key>
			<wp:meta_value><![CDATA[]]></wp:meta_value>
		</wp:postmeta>
		<wp:postmeta>
			<wp:meta_key><![CDATA[_part_measurement]]></wp:meta_key>
			<wp:meta_value><![CDATA[field_58be27115df5e]]></wp:meta_value>
		</wp:postmeta>
		<wp:postmeta>
			<wp:meta_key><![CDATA[part_notes]]></wp:meta_key>
			<wp:meta_value><![CDATA[]]></wp:meta_value>
		</wp:postmeta>
		<wp:postmeta>
			<wp:meta_key><![CDATA[_part_notes]]></wp:meta_key>
			<wp:meta_value><![CDATA[field_58be268b32e00]]></wp:meta_value>
		</wp:postmeta>
		<wp:postmeta>
			<wp:meta_key><![CDATA[_dp_original]]></wp:meta_key>
			<wp:meta_value><![CDATA[206]]></wp:meta_value>
		</wp:postmeta>
		<wp:postmeta>
			<wp:meta_key><![CDATA[_edit_last]]></wp:meta_key>
			<wp:meta_value><![CDATA[1]]></wp:meta_value>
		</wp:postmeta>
	</item>
	<item>
		<title>Part c</title>
		<link>http://www.sandbox.dev/part/part-c/</link>
		<pubDate>Mon, 01 May 2017 17:57:55 +0000</pubDate>
		<dc:creator><![CDATA[dev]]></dc:creator>
		<guid isPermaLink="false">http://www.sandbox.dev/?post_type=part&#038;p=210</guid>
		<description></description>
		<content:encoded><![CDATA[]]></content:encoded>
		<excerpt:encoded><![CDATA[]]></excerpt:encoded>
		<wp:post_id>210</wp:post_id>
		<wp:post_date><![CDATA[2017-05-01 17:57:55]]></wp:post_date>
		<wp:post_date_gmt><![CDATA[2017-05-01 17:57:55]]></wp:post_date_gmt>
		<wp:comment_status><![CDATA[closed]]></wp:comment_status>
		<wp:ping_status><![CDATA[closed]]></wp:ping_status>
		<wp:post_name><![CDATA[part-c]]></wp:post_name>
		<wp:status><![CDATA[publish]]></wp:status>
		<wp:post_parent>0</wp:post_parent>
		<wp:menu_order>0</wp:menu_order>
		<wp:post_type><![CDATA[part]]></wp:post_type>
		<wp:post_password><![CDATA[]]></wp:post_password>
		<wp:is_sticky>0</wp:is_sticky>
		<category domain="part-category" nicename="part"><![CDATA[Part]]></category>
		<wp:postmeta>
			<wp:meta_key><![CDATA[part_id]]></wp:meta_key>
			<wp:meta_value><![CDATA[c]]></wp:meta_value>
		</wp:postmeta>
		<wp:postmeta>
			<wp:meta_key><![CDATA[_part_id]]></wp:meta_key>
			<wp:meta_value><![CDATA[field_58be21cb63558]]></wp:meta_value>
		</wp:postmeta>
		<wp:postmeta>
			<wp:meta_key><![CDATA[part_no]]></wp:meta_key>
			<wp:meta_value><![CDATA[c]]></wp:meta_value>
		</wp:postmeta>
		<wp:postmeta>
			<wp:meta_key><![CDATA[_part_no]]></wp:meta_key>
			<wp:meta_value><![CDATA[field_58be224180f49]]></wp:meta_value>
		</wp:postmeta>
		<wp:postmeta>
			<wp:meta_key><![CDATA[part_category]]></wp:meta_key>
			<wp:meta_value><![CDATA[a:1:{i:0;s:2:"19";}]]></wp:meta_value>
		</wp:postmeta>
		<wp:postmeta>
			<wp:meta_key><![CDATA[_part_category]]></wp:meta_key>
			<wp:meta_value><![CDATA[field_58bed5eb041ea]]></wp:meta_value>
		</wp:postmeta>
		<wp:postmeta>
			<wp:meta_key><![CDATA[part_name]]></wp:meta_key>
			<wp:meta_value><![CDATA[a]]></wp:meta_value>
		</wp:postmeta>
		<wp:postmeta>
			<wp:meta_key><![CDATA[_part_name]]></wp:meta_key>
			<wp:meta_value><![CDATA[field_58be224e80f4a]]></wp:meta_value>
		</wp:postmeta>
		<wp:postmeta>
			<wp:meta_key><![CDATA[part_sku]]></wp:meta_key>
			<wp:meta_value><![CDATA[]]></wp:meta_value>
		</wp:postmeta>
		<wp:postmeta>
			<wp:meta_key><![CDATA[_part_sku]]></wp:meta_key>
			<wp:meta_value><![CDATA[field_58be2211b049f]]></wp:meta_value>
		</wp:postmeta>
		<wp:postmeta>
			<wp:meta_key><![CDATA[part_description]]></wp:meta_key>
			<wp:meta_value><![CDATA[]]></wp:meta_value>
		</wp:postmeta>
		<wp:postmeta>
			<wp:meta_key><![CDATA[_part_description]]></wp:meta_key>
			<wp:meta_value><![CDATA[field_58be225a80f4b]]></wp:meta_value>
		</wp:postmeta>
		<wp:postmeta>
			<wp:meta_key><![CDATA[part_units]]></wp:meta_key>
			<wp:meta_value><![CDATA[]]></wp:meta_value>
		</wp:postmeta>
		<wp:postmeta>
			<wp:meta_key><![CDATA[_part_units]]></wp:meta_key>
			<wp:meta_value><![CDATA[field_58be23ec87b4e]]></wp:meta_value>
		</wp:postmeta>
		<wp:postmeta>
			<wp:meta_key><![CDATA[part_cost]]></wp:meta_key>
			<wp:meta_value><![CDATA[]]></wp:meta_value>
		</wp:postmeta>
		<wp:postmeta>
			<wp:meta_key><![CDATA[_part_cost]]></wp:meta_key>
			<wp:meta_value><![CDATA[field_58be26e874984]]></wp:meta_value>
		</wp:postmeta>
		<wp:postmeta>
			<wp:meta_key><![CDATA[part_weight]]></wp:meta_key>
			<wp:meta_value><![CDATA[]]></wp:meta_value>
		</wp:postmeta>
		<wp:postmeta>
			<wp:meta_key><![CDATA[_part_weight]]></wp:meta_key>
			<wp:meta_value><![CDATA[field_58be25d7bc42b]]></wp:meta_value>
		</wp:postmeta>
		<wp:postmeta>
			<wp:meta_key><![CDATA[part_measurement]]></wp:meta_key>
			<wp:meta_value><![CDATA[]]></wp:meta_value>
		</wp:postmeta>
		<wp:postmeta>
			<wp:meta_key><![CDATA[_part_measurement]]></wp:meta_key>
			<wp:meta_value><![CDATA[field_58be27115df5e]]></wp:meta_value>
		</wp:postmeta>
		<wp:postmeta>
			<wp:meta_key><![CDATA[part_notes]]></wp:meta_key>
			<wp:meta_value><![CDATA[]]></wp:meta_value>
		</wp:postmeta>
		<wp:postmeta>
			<wp:meta_key><![CDATA[_part_notes]]></wp:meta_key>
			<wp:meta_value><![CDATA[field_58be268b32e00]]></wp:meta_value>
		</wp:postmeta>
		<wp:postmeta>
			<wp:meta_key><![CDATA[_dp_original]]></wp:meta_key>
			<wp:meta_value><![CDATA[208]]></wp:meta_value>
		</wp:postmeta>
		<wp:postmeta>
			<wp:meta_key><![CDATA[_edit_last]]></wp:meta_key>
			<wp:meta_value><![CDATA[1]]></wp:meta_value>
		</wp:postmeta>
	</item>
	<item>
		<title>Part d</title>
		<link>http://www.sandbox.dev/part/part-d/</link>
		<pubDate>Mon, 01 May 2017 17:57:55 +0000</pubDate>
		<dc:creator><![CDATA[dev]]></dc:creator>
		<guid isPermaLink="false">http://www.sandbox.dev/?post_type=part&#038;p=212</guid>
		<description></description>
		<content:encoded><![CDATA[]]></content:encoded>
		<excerpt:encoded><![CDATA[]]></excerpt:encoded>
		<wp:post_id>212</wp:post_id>
		<wp:post_date><![CDATA[2017-05-01 17:57:55]]></wp:post_date>
		<wp:post_date_gmt><![CDATA[2017-05-01 17:57:55]]></wp:post_date_gmt>
		<wp:comment_status><![CDATA[closed]]></wp:comment_status>
		<wp:ping_status><![CDATA[closed]]></wp:ping_status>
		<wp:post_name><![CDATA[part-d]]></wp:post_name>
		<wp:status><![CDATA[publish]]></wp:status>
		<wp:post_parent>0</wp:post_parent>
		<wp:menu_order>0</wp:menu_order>
		<wp:post_type><![CDATA[part]]></wp:post_type>
		<wp:post_password><![CDATA[]]></wp:post_password>
		<wp:is_sticky>0</wp:is_sticky>
		<category domain="part-category" nicename="part"><![CDATA[Part]]></category>
		<wp:postmeta>
			<wp:meta_key><![CDATA[part_id]]></wp:meta_key>
			<wp:meta_value><![CDATA[d]]></wp:meta_value>
		</wp:postmeta>
		<wp:postmeta>
			<wp:meta_key><![CDATA[_part_id]]></wp:meta_key>
			<wp:meta_value><![CDATA[field_58be21cb63558]]></wp:meta_value>
		</wp:postmeta>
		<wp:postmeta>
			<wp:meta_key><![CDATA[part_no]]></wp:meta_key>
			<wp:meta_value><![CDATA[d]]></wp:meta_value>
		</wp:postmeta>
		<wp:postmeta>
			<wp:meta_key><![CDATA[_part_no]]></wp:meta_key>
			<wp:meta_value><![CDATA[field_58be224180f49]]></wp:meta_value>
		</wp:postmeta>
		<wp:postmeta>
			<wp:meta_key><![CDATA[part_category]]></wp:meta_key>
			<wp:meta_value><![CDATA[a:1:{i:0;s:2:"19";}]]></wp:meta_value>
		</wp:postmeta>
		<wp:postmeta>
			<wp:meta_key><![CDATA[_part_category]]></wp:meta_key>
			<wp:meta_value><![CDATA[field_58bed5eb041ea]]></wp:meta_value>
		</wp:postmeta>
		<wp:postmeta>
			<wp:meta_key><![CDATA[part_name]]></wp:meta_key>
			<wp:meta_value><![CDATA[a]]></wp:meta_value>
		</wp:postmeta>
		<wp:postmeta>
			<wp:meta_key><![CDATA[_part_name]]></wp:meta_key>
			<wp:meta_value><![CDATA[field_58be224e80f4a]]></wp:meta_value>
		</wp:postmeta>
		<wp:postmeta>
			<wp:meta_key><![CDATA[part_sku]]></wp:meta_key>
			<wp:meta_value><![CDATA[]]></wp:meta_value>
		</wp:postmeta>
		<wp:postmeta>
			<wp:meta_key><![CDATA[_part_sku]]></wp:meta_key>
			<wp:meta_value><![CDATA[field_58be2211b049f]]></wp:meta_value>
		</wp:postmeta>
		<wp:postmeta>
			<wp:meta_key><![CDATA[part_description]]></wp:meta_key>
			<wp:meta_value><![CDATA[]]></wp:meta_value>
		</wp:postmeta>
		<wp:postmeta>
			<wp:meta_key><![CDATA[_part_description]]></wp:meta_key>
			<wp:meta_value><![CDATA[field_58be225a80f4b]]></wp:meta_value>
		</wp:postmeta>
		<wp:postmeta>
			<wp:meta_key><![CDATA[part_units]]></wp:meta_key>
			<wp:meta_value><![CDATA[]]></wp:meta_value>
		</wp:postmeta>
		<wp:postmeta>
			<wp:meta_key><![CDATA[_part_units]]></wp:meta_key>
			<wp:meta_value><![CDATA[field_58be23ec87b4e]]></wp:meta_value>
		</wp:postmeta>
		<wp:postmeta>
			<wp:meta_key><![CDATA[part_cost]]></wp:meta_key>
			<wp:meta_value><![CDATA[]]></wp:meta_value>
		</wp:postmeta>
		<wp:postmeta>
			<wp:meta_key><![CDATA[_part_cost]]></wp:meta_key>
			<wp:meta_value><![CDATA[field_58be26e874984]]></wp:meta_value>
		</wp:postmeta>
		<wp:postmeta>
			<wp:meta_key><![CDATA[part_weight]]></wp:meta_key>
			<wp:meta_value><![CDATA[]]></wp:meta_value>
		</wp:postmeta>
		<wp:postmeta>
			<wp:meta_key><![CDATA[_part_weight]]></wp:meta_key>
			<wp:meta_value><![CDATA[field_58be25d7bc42b]]></wp:meta_value>
		</wp:postmeta>
		<wp:postmeta>
			<wp:meta_key><![CDATA[part_measurement]]></wp:meta_key>
			<wp:meta_value><![CDATA[]]></wp:meta_value>
		</wp:postmeta>
		<wp:postmeta>
			<wp:meta_key><![CDATA[_part_measurement]]></wp:meta_key>
			<wp:meta_value><![CDATA[field_58be27115df5e]]></wp:meta_value>
		</wp:postmeta>
		<wp:postmeta>
			<wp:meta_key><![CDATA[part_notes]]></wp:meta_key>
			<wp:meta_value><![CDATA[]]></wp:meta_value>
		</wp:postmeta>
		<wp:postmeta>
			<wp:meta_key><![CDATA[_part_notes]]></wp:meta_key>
			<wp:meta_value><![CDATA[field_58be268b32e00]]></wp:meta_value>
		</wp:postmeta>
		<wp:postmeta>
			<wp:meta_key><![CDATA[_dp_original]]></wp:meta_key>
			<wp:meta_value><![CDATA[210]]></wp:meta_value>
		</wp:postmeta>
		<wp:postmeta>
			<wp:meta_key><![CDATA[_edit_last]]></wp:meta_key>
			<wp:meta_value><![CDATA[1]]></wp:meta_value>
		</wp:postmeta>
	</item>
</channel>
</rss>
