<?xml version="1.0" encoding="UTF-8" ?>
<!-- This is a WordPress eXtended RSS file generated by WordPress as an export of your site. -->
<!-- It contains information about your site's posts, pages, comments, categories, and other content. -->
<!-- You may use this file to transfer that content from one site to another. -->
<!-- This file is not intended to serve as a complete backup of your site. -->

<!-- To import this information into a WordPress site follow these steps: -->
<!-- 1. Log in to that site as an administrator. -->
<!-- 2. Go to Tools: Import in the WordPress admin panel. -->
<!-- 3. Install the "WordPress" importer from the list. -->
<!-- 4. Activate & Run Importer. -->
<!-- 5. Upload this file using the form provided on that page. -->
<!-- 6. You will first be asked to map the authors in this export file to users -->
<!--    on the site. For each author, you may choose to map to an -->
<!--    existing user on the site or to create a new user. -->
<!-- 7. WordPress will then import each of the posts, pages, comments, categories, etc. -->
<!--    contained in this file into your site. -->

<!-- generator="WordPress/4.7.4" created="2017-05-01 18:02" -->
<rss version="2.0"
	xmlns:excerpt="http://wordpress.org/export/1.2/excerpt/"
	xmlns:content="http://purl.org/rss/1.0/modules/content/"
	xmlns:wfw="http://wellformedweb.org/CommentAPI/"
	xmlns:dc="http://purl.org/dc/elements/1.1/"
	xmlns:wp="http://wordpress.org/export/1.2/"
>

<channel>
	<title>sandbox</title>
	<link>http://www.sandbox.dev</link>
	<description>Just another WordPress site</description>
	<pubDate>Mon, 01 May 2017 18:02:10 +0000</pubDate>
	<language>en-US</language>
	<wp:wxr_version>1.2</wp:wxr_version>
	<wp:base_site_url>http://www.sandbox.dev</wp:base_site_url>
	<wp:base_blog_url>http://www.sandbox.dev</wp:base_blog_url>

	<wp:author><wp:author_id>1</wp:author_id><wp:author_login><![CDATA[dev]]></wp:author_login><wp:author_email><![CDATA[dev@dev.com]]></wp:author_email><wp:author_display_name><![CDATA[dev]]></wp:author_display_name><wp:author_first_name><![CDATA[]]></wp:author_first_name><wp:author_last_name><![CDATA[]]></wp:author_last_name></wp:author>


	<generator>https://wordpress.org/?v=4.7.4</generator>

	<item>
		<title>Basic</title>
		<link>http://www.sandbox.dev/?post_type=acf-field&#038;p=169</link>
		<pubDate>Mon, 01 May 2017 17:49:10 +0000</pubDate>
		<dc:creator><![CDATA[dev]]></dc:creator>
		<guid isPermaLink="false">http://www.sandbox.dev/?post_type=acf-field&#038;p=169</guid>
		<description></description>
		<content:encoded><![CDATA[a:7:{s:4:"type";s:3:"tab";s:12:"instructions";s:0:"";s:8:"required";i:0;s:17:"conditional_logic";i:0;s:7:"wrapper";a:3:{s:5:"width";s:0:"";s:5:"class";s:0:"";s:2:"id";s:0:"";}s:9:"placement";s:3:"top";s:8:"endpoint";i:0;}]]></content:encoded>
		<excerpt:encoded><![CDATA[]]></excerpt:encoded>
		<wp:post_id>169</wp:post_id>
		<wp:post_date><![CDATA[2017-05-01 17:49:10]]></wp:post_date>
		<wp:post_date_gmt><![CDATA[2017-05-01 17:49:10]]></wp:post_date_gmt>
		<wp:comment_status><![CDATA[closed]]></wp:comment_status>
		<wp:ping_status><![CDATA[closed]]></wp:ping_status>
		<wp:post_name><![CDATA[field_58bed89fe21dc]]></wp:post_name>
		<wp:status><![CDATA[publish]]></wp:status>
		<wp:post_parent>168</wp:post_parent>
		<wp:menu_order>0</wp:menu_order>
		<wp:post_type><![CDATA[acf-field]]></wp:post_type>
		<wp:post_password><![CDATA[]]></wp:post_password>
		<wp:is_sticky>0</wp:is_sticky>
	</item>
	<item>
		<title>Assembly ID</title>
		<link>http://www.sandbox.dev/?post_type=acf-field&#038;p=170</link>
		<pubDate>Mon, 01 May 2017 17:49:10 +0000</pubDate>
		<dc:creator><![CDATA[dev]]></dc:creator>
		<guid isPermaLink="false">http://www.sandbox.dev/?post_type=acf-field&#038;p=170</guid>
		<description></description>
		<content:encoded><![CDATA[a:10:{s:4:"type";s:4:"text";s:12:"instructions";s:0:"";s:8:"required";i:0;s:17:"conditional_logic";i:0;s:7:"wrapper";a:3:{s:5:"width";s:0:"";s:5:"class";s:0:"";s:2:"id";s:0:"";}s:13:"default_value";s:0:"";s:11:"placeholder";s:0:"";s:7:"prepend";s:0:"";s:6:"append";s:0:"";s:9:"maxlength";s:0:"";}]]></content:encoded>
		<excerpt:encoded><![CDATA[assembly_id]]></excerpt:encoded>
		<wp:post_id>170</wp:post_id>
		<wp:post_date><![CDATA[2017-05-01 17:49:10]]></wp:post_date>
		<wp:post_date_gmt><![CDATA[2017-05-01 17:49:10]]></wp:post_date_gmt>
		<wp:comment_status><![CDATA[closed]]></wp:comment_status>
		<wp:ping_status><![CDATA[closed]]></wp:ping_status>
		<wp:post_name><![CDATA[field_58bec9cbae35a]]></wp:post_name>
		<wp:status><![CDATA[publish]]></wp:status>
		<wp:post_parent>168</wp:post_parent>
		<wp:menu_order>1</wp:menu_order>
		<wp:post_type><![CDATA[acf-field]]></wp:post_type>
		<wp:post_password><![CDATA[]]></wp:post_password>
		<wp:is_sticky>0</wp:is_sticky>
	</item>
	<item>
		<title>Assembly No.</title>
		<link>http://www.sandbox.dev/?post_type=acf-field&#038;p=171</link>
		<pubDate>Mon, 01 May 2017 17:49:10 +0000</pubDate>
		<dc:creator><![CDATA[dev]]></dc:creator>
		<guid isPermaLink="false">http://www.sandbox.dev/?post_type=acf-field&#038;p=171</guid>
		<description></description>
		<content:encoded><![CDATA[a:10:{s:4:"type";s:4:"text";s:12:"instructions";s:0:"";s:8:"required";i:0;s:17:"conditional_logic";i:0;s:7:"wrapper";a:3:{s:5:"width";s:0:"";s:5:"class";s:0:"";s:2:"id";s:0:"";}s:13:"default_value";s:0:"";s:11:"placeholder";s:0:"";s:7:"prepend";s:0:"";s:6:"append";s:0:"";s:9:"maxlength";s:0:"";}]]></content:encoded>
		<excerpt:encoded><![CDATA[assembly_no]]></excerpt:encoded>
		<wp:post_id>171</wp:post_id>
		<wp:post_date><![CDATA[2017-05-01 17:49:10]]></wp:post_date>
		<wp:post_date_gmt><![CDATA[2017-05-01 17:49:10]]></wp:post_date_gmt>
		<wp:comment_status><![CDATA[closed]]></wp:comment_status>
		<wp:ping_status><![CDATA[closed]]></wp:ping_status>
		<wp:post_name><![CDATA[field_58bec9d3ae35b]]></wp:post_name>
		<wp:status><![CDATA[publish]]></wp:status>
		<wp:post_parent>168</wp:post_parent>
		<wp:menu_order>2</wp:menu_order>
		<wp:post_type><![CDATA[acf-field]]></wp:post_type>
		<wp:post_password><![CDATA[]]></wp:post_password>
		<wp:is_sticky>0</wp:is_sticky>
	</item>
	<item>
		<title>Assembly Name</title>
		<link>http://www.sandbox.dev/?post_type=acf-field&#038;p=172</link>
		<pubDate>Mon, 01 May 2017 17:49:10 +0000</pubDate>
		<dc:creator><![CDATA[dev]]></dc:creator>
		<guid isPermaLink="false">http://www.sandbox.dev/?post_type=acf-field&#038;p=172</guid>
		<description></description>
		<content:encoded><![CDATA[a:10:{s:4:"type";s:4:"text";s:12:"instructions";s:0:"";s:8:"required";i:0;s:17:"conditional_logic";i:0;s:7:"wrapper";a:3:{s:5:"width";s:0:"";s:5:"class";s:0:"";s:2:"id";s:0:"";}s:13:"default_value";s:0:"";s:11:"placeholder";s:0:"";s:7:"prepend";s:0:"";s:6:"append";s:0:"";s:9:"maxlength";s:0:"";}]]></content:encoded>
		<excerpt:encoded><![CDATA[assembly_name]]></excerpt:encoded>
		<wp:post_id>172</wp:post_id>
		<wp:post_date><![CDATA[2017-05-01 17:49:10]]></wp:post_date>
		<wp:post_date_gmt><![CDATA[2017-05-01 17:49:10]]></wp:post_date_gmt>
		<wp:comment_status><![CDATA[closed]]></wp:comment_status>
		<wp:ping_status><![CDATA[closed]]></wp:ping_status>
		<wp:post_name><![CDATA[field_58bec9d8ae35c]]></wp:post_name>
		<wp:status><![CDATA[publish]]></wp:status>
		<wp:post_parent>168</wp:post_parent>
		<wp:menu_order>3</wp:menu_order>
		<wp:post_type><![CDATA[acf-field]]></wp:post_type>
		<wp:post_password><![CDATA[]]></wp:post_password>
		<wp:is_sticky>0</wp:is_sticky>
	</item>
	<item>
		<title>Assembly Category</title>
		<link>http://www.sandbox.dev/?post_type=acf-field&#038;p=173</link>
		<pubDate>Mon, 01 May 2017 17:49:10 +0000</pubDate>
		<dc:creator><![CDATA[dev]]></dc:creator>
		<guid isPermaLink="false">http://www.sandbox.dev/?post_type=acf-field&#038;p=173</guid>
		<description></description>
		<content:encoded><![CDATA[a:13:{s:4:"type";s:8:"taxonomy";s:12:"instructions";s:0:"";s:8:"required";i:0;s:17:"conditional_logic";i:0;s:7:"wrapper";a:3:{s:5:"width";s:0:"";s:5:"class";s:0:"";s:2:"id";s:0:"";}s:8:"taxonomy";s:17:"assembly_category";s:10:"field_type";s:8:"checkbox";s:10:"allow_null";i:0;s:8:"add_term";i:1;s:10:"save_terms";i:1;s:10:"load_terms";i:1;s:13:"return_format";s:6:"object";s:8:"multiple";i:0;}]]></content:encoded>
		<excerpt:encoded><![CDATA[assembly_category]]></excerpt:encoded>
		<wp:post_id>173</wp:post_id>
		<wp:post_date><![CDATA[2017-05-01 17:49:10]]></wp:post_date>
		<wp:post_date_gmt><![CDATA[2017-05-01 17:49:10]]></wp:post_date_gmt>
		<wp:comment_status><![CDATA[closed]]></wp:comment_status>
		<wp:ping_status><![CDATA[closed]]></wp:ping_status>
		<wp:post_name><![CDATA[field_58bed73b66f46]]></wp:post_name>
		<wp:status><![CDATA[publish]]></wp:status>
		<wp:post_parent>168</wp:post_parent>
		<wp:menu_order>4</wp:menu_order>
		<wp:post_type><![CDATA[acf-field]]></wp:post_type>
		<wp:post_password><![CDATA[]]></wp:post_password>
		<wp:is_sticky>0</wp:is_sticky>
	</item>
	<item>
		<title>Assembly Description</title>
		<link>http://www.sandbox.dev/?post_type=acf-field&#038;p=174</link>
		<pubDate>Mon, 01 May 2017 17:49:10 +0000</pubDate>
		<dc:creator><![CDATA[dev]]></dc:creator>
		<guid isPermaLink="false">http://www.sandbox.dev/?post_type=acf-field&#038;p=174</guid>
		<description></description>
		<content:encoded><![CDATA[a:10:{s:4:"type";s:8:"textarea";s:12:"instructions";s:0:"";s:8:"required";i:0;s:17:"conditional_logic";i:0;s:7:"wrapper";a:3:{s:5:"width";s:0:"";s:5:"class";s:0:"";s:2:"id";s:0:"";}s:13:"default_value";s:0:"";s:11:"placeholder";s:0:"";s:9:"maxlength";s:0:"";s:4:"rows";s:0:"";s:9:"new_lines";s:7:"wpautop";}]]></content:encoded>
		<excerpt:encoded><![CDATA[assembly_description]]></excerpt:encoded>
		<wp:post_id>174</wp:post_id>
		<wp:post_date><![CDATA[2017-05-01 17:49:10]]></wp:post_date>
		<wp:post_date_gmt><![CDATA[2017-05-01 17:49:10]]></wp:post_date_gmt>
		<wp:comment_status><![CDATA[closed]]></wp:comment_status>
		<wp:ping_status><![CDATA[closed]]></wp:ping_status>
		<wp:post_name><![CDATA[field_58bed72466f45]]></wp:post_name>
		<wp:status><![CDATA[publish]]></wp:status>
		<wp:post_parent>168</wp:post_parent>
		<wp:menu_order>5</wp:menu_order>
		<wp:post_type><![CDATA[acf-field]]></wp:post_type>
		<wp:post_password><![CDATA[]]></wp:post_password>
		<wp:is_sticky>0</wp:is_sticky>
	</item>
	<item>
		<title>Materials</title>
		<link>http://www.sandbox.dev/?post_type=acf-field&#038;p=175</link>
		<pubDate>Mon, 01 May 2017 17:49:10 +0000</pubDate>
		<dc:creator><![CDATA[dev]]></dc:creator>
		<guid isPermaLink="false">http://www.sandbox.dev/?post_type=acf-field&#038;p=175</guid>
		<description></description>
		<content:encoded><![CDATA[a:7:{s:4:"type";s:3:"tab";s:12:"instructions";s:0:"";s:8:"required";i:0;s:17:"conditional_logic";i:0;s:7:"wrapper";a:3:{s:5:"width";s:0:"";s:5:"class";s:0:"";s:2:"id";s:0:"";}s:9:"placement";s:3:"top";s:8:"endpoint";i:0;}]]></content:encoded>
		<excerpt:encoded><![CDATA[]]></excerpt:encoded>
		<wp:post_id>175</wp:post_id>
		<wp:post_date><![CDATA[2017-05-01 17:49:10]]></wp:post_date>
		<wp:post_date_gmt><![CDATA[2017-05-01 17:49:10]]></wp:post_date_gmt>
		<wp:comment_status><![CDATA[closed]]></wp:comment_status>
		<wp:ping_status><![CDATA[closed]]></wp:ping_status>
		<wp:post_name><![CDATA[field_58bed8b1e21dd]]></wp:post_name>
		<wp:status><![CDATA[publish]]></wp:status>
		<wp:post_parent>168</wp:post_parent>
		<wp:menu_order>6</wp:menu_order>
		<wp:post_type><![CDATA[acf-field]]></wp:post_type>
		<wp:post_password><![CDATA[]]></wp:post_password>
		<wp:is_sticky>0</wp:is_sticky>
	</item>
	<item>
		<title>Sub-Assemblies</title>
		<link>http://www.sandbox.dev/?post_type=acf-field&#038;p=176</link>
		<pubDate>Mon, 01 May 2017 17:49:10 +0000</pubDate>
		<dc:creator><![CDATA[dev]]></dc:creator>
		<guid isPermaLink="false">http://www.sandbox.dev/?post_type=acf-field&#038;p=176</guid>
		<description></description>
		<content:encoded><![CDATA[a:10:{s:4:"type";s:8:"repeater";s:12:"instructions";s:0:"";s:8:"required";i:0;s:17:"conditional_logic";i:0;s:7:"wrapper";a:3:{s:5:"width";s:0:"";s:5:"class";s:0:"";s:2:"id";s:0:"";}s:9:"collapsed";s:0:"";s:3:"min";i:0;s:3:"max";i:0;s:6:"layout";s:3:"row";s:12:"button_label";s:0:"";}]]></content:encoded>
		<excerpt:encoded><![CDATA[sub-assemblies]]></excerpt:encoded>
		<wp:post_id>176</wp:post_id>
		<wp:post_date><![CDATA[2017-05-01 17:49:10]]></wp:post_date>
		<wp:post_date_gmt><![CDATA[2017-05-01 17:49:10]]></wp:post_date_gmt>
		<wp:comment_status><![CDATA[closed]]></wp:comment_status>
		<wp:ping_status><![CDATA[closed]]></wp:ping_status>
		<wp:post_name><![CDATA[field_58bec9fc4dcd4]]></wp:post_name>
		<wp:status><![CDATA[publish]]></wp:status>
		<wp:post_parent>168</wp:post_parent>
		<wp:menu_order>7</wp:menu_order>
		<wp:post_type><![CDATA[acf-field]]></wp:post_type>
		<wp:post_password><![CDATA[]]></wp:post_password>
		<wp:is_sticky>0</wp:is_sticky>
	</item>
	<item>
		<title>Sub-Assembly</title>
		<link>http://www.sandbox.dev/?post_type=acf-field&#038;p=177</link>
		<pubDate>Mon, 01 May 2017 17:49:10 +0000</pubDate>
		<dc:creator><![CDATA[dev]]></dc:creator>
		<guid isPermaLink="false">http://www.sandbox.dev/?post_type=acf-field&#038;p=177</guid>
		<description></description>
		<content:encoded><![CDATA[a:11:{s:4:"type";s:11:"post_object";s:12:"instructions";s:0:"";s:8:"required";i:0;s:17:"conditional_logic";i:0;s:7:"wrapper";a:3:{s:5:"width";s:0:"";s:5:"class";s:0:"";s:2:"id";s:0:"";}s:9:"post_type";a:2:{i:0;s:8:"assembly";i:1;s:4:"part";}s:8:"taxonomy";a:0:{}s:10:"allow_null";i:1;s:8:"multiple";i:0;s:13:"return_format";s:6:"object";s:2:"ui";i:1;}]]></content:encoded>
		<excerpt:encoded><![CDATA[sub-assembly]]></excerpt:encoded>
		<wp:post_id>177</wp:post_id>
		<wp:post_date><![CDATA[2017-05-01 17:49:10]]></wp:post_date>
		<wp:post_date_gmt><![CDATA[2017-05-01 17:49:10]]></wp:post_date_gmt>
		<wp:comment_status><![CDATA[closed]]></wp:comment_status>
		<wp:ping_status><![CDATA[closed]]></wp:ping_status>
		<wp:post_name><![CDATA[field_58beca404dcd5]]></wp:post_name>
		<wp:status><![CDATA[publish]]></wp:status>
		<wp:post_parent>176</wp:post_parent>
		<wp:menu_order>0</wp:menu_order>
		<wp:post_type><![CDATA[acf-field]]></wp:post_type>
		<wp:post_password><![CDATA[]]></wp:post_password>
		<wp:is_sticky>0</wp:is_sticky>
	</item>
	<item>
		<title>Qty</title>
		<link>http://www.sandbox.dev/?post_type=acf-field&#038;p=178</link>
		<pubDate>Mon, 01 May 2017 17:49:10 +0000</pubDate>
		<dc:creator><![CDATA[dev]]></dc:creator>
		<guid isPermaLink="false">http://www.sandbox.dev/?post_type=acf-field&#038;p=178</guid>
		<description></description>
		<content:encoded><![CDATA[a:10:{s:4:"type";s:4:"text";s:12:"instructions";s:0:"";s:8:"required";i:0;s:17:"conditional_logic";i:0;s:7:"wrapper";a:3:{s:5:"width";s:0:"";s:5:"class";s:0:"";s:2:"id";s:0:"";}s:13:"default_value";s:0:"";s:11:"placeholder";s:0:"";s:7:"prepend";s:0:"";s:6:"append";s:0:"";s:9:"maxlength";s:0:"";}]]></content:encoded>
		<excerpt:encoded><![CDATA[qty]]></excerpt:encoded>
		<wp:post_id>178</wp:post_id>
		<wp:post_date><![CDATA[2017-05-01 17:49:10]]></wp:post_date>
		<wp:post_date_gmt><![CDATA[2017-05-01 17:49:10]]></wp:post_date_gmt>
		<wp:comment_status><![CDATA[closed]]></wp:comment_status>
		<wp:ping_status><![CDATA[closed]]></wp:ping_status>
		<wp:post_name><![CDATA[field_58beca774dcd6]]></wp:post_name>
		<wp:status><![CDATA[publish]]></wp:status>
		<wp:post_parent>176</wp:post_parent>
		<wp:menu_order>1</wp:menu_order>
		<wp:post_type><![CDATA[acf-field]]></wp:post_type>
		<wp:post_password><![CDATA[]]></wp:post_password>
		<wp:is_sticky>0</wp:is_sticky>
	</item>
	<item>
		<title>Assembly Files</title>
		<link>http://www.sandbox.dev/?post_type=acf-field&#038;p=179</link>
		<pubDate>Mon, 01 May 2017 17:49:10 +0000</pubDate>
		<dc:creator><![CDATA[dev]]></dc:creator>
		<guid isPermaLink="false">http://www.sandbox.dev/?post_type=acf-field&#038;p=179</guid>
		<description></description>
		<content:encoded><![CDATA[a:10:{s:4:"type";s:4:"file";s:12:"instructions";s:0:"";s:8:"required";i:0;s:17:"conditional_logic";i:0;s:7:"wrapper";a:3:{s:5:"width";s:0:"";s:5:"class";s:0:"";s:2:"id";s:0:"";}s:13:"return_format";s:5:"array";s:7:"library";s:3:"all";s:8:"min_size";s:0:"";s:8:"max_size";s:0:"";s:10:"mime_types";s:0:"";}]]></content:encoded>
		<excerpt:encoded><![CDATA[assembly_files]]></excerpt:encoded>
		<wp:post_id>179</wp:post_id>
		<wp:post_date><![CDATA[2017-05-01 17:49:10]]></wp:post_date>
		<wp:post_date_gmt><![CDATA[2017-05-01 17:49:10]]></wp:post_date_gmt>
		<wp:comment_status><![CDATA[closed]]></wp:comment_status>
		<wp:ping_status><![CDATA[closed]]></wp:ping_status>
		<wp:post_name><![CDATA[field_58bed77ab852a]]></wp:post_name>
		<wp:status><![CDATA[publish]]></wp:status>
		<wp:post_parent>168</wp:post_parent>
		<wp:menu_order>8</wp:menu_order>
		<wp:post_type><![CDATA[acf-field]]></wp:post_type>
		<wp:post_password><![CDATA[]]></wp:post_password>
		<wp:is_sticky>0</wp:is_sticky>
	</item>
	<item>
		<title>Assembly Images</title>
		<link>http://www.sandbox.dev/?post_type=acf-field&#038;p=180</link>
		<pubDate>Mon, 01 May 2017 17:49:10 +0000</pubDate>
		<dc:creator><![CDATA[dev]]></dc:creator>
		<guid isPermaLink="false">http://www.sandbox.dev/?post_type=acf-field&#038;p=180</guid>
		<description></description>
		<content:encoded><![CDATA[a:16:{s:4:"type";s:7:"gallery";s:12:"instructions";s:0:"";s:8:"required";i:0;s:17:"conditional_logic";i:0;s:7:"wrapper";a:3:{s:5:"width";s:0:"";s:5:"class";s:0:"";s:2:"id";s:0:"";}s:3:"min";s:0:"";s:3:"max";s:0:"";s:6:"insert";s:6:"append";s:7:"library";s:3:"all";s:9:"min_width";s:0:"";s:10:"min_height";s:0:"";s:8:"min_size";s:0:"";s:9:"max_width";s:0:"";s:10:"max_height";s:0:"";s:8:"max_size";s:0:"";s:10:"mime_types";s:0:"";}]]></content:encoded>
		<excerpt:encoded><![CDATA[assembly_images]]></excerpt:encoded>
		<wp:post_id>180</wp:post_id>
		<wp:post_date><![CDATA[2017-05-01 17:49:10]]></wp:post_date>
		<wp:post_date_gmt><![CDATA[2017-05-01 17:49:10]]></wp:post_date_gmt>
		<wp:comment_status><![CDATA[closed]]></wp:comment_status>
		<wp:ping_status><![CDATA[closed]]></wp:ping_status>
		<wp:post_name><![CDATA[field_58bed7a7b852b]]></wp:post_name>
		<wp:status><![CDATA[publish]]></wp:status>
		<wp:post_parent>168</wp:post_parent>
		<wp:menu_order>9</wp:menu_order>
		<wp:post_type><![CDATA[acf-field]]></wp:post_type>
		<wp:post_password><![CDATA[]]></wp:post_password>
		<wp:is_sticky>0</wp:is_sticky>
	</item>
	<item>
		<title>Basic</title>
		<link>http://www.sandbox.dev/?post_type=acf-field&#038;p=182</link>
		<pubDate>Mon, 01 May 2017 17:49:10 +0000</pubDate>
		<dc:creator><![CDATA[dev]]></dc:creator>
		<guid isPermaLink="false">http://www.sandbox.dev/?post_type=acf-field&#038;p=182</guid>
		<description></description>
		<content:encoded><![CDATA[a:7:{s:4:"type";s:3:"tab";s:12:"instructions";s:0:"";s:8:"required";i:0;s:17:"conditional_logic";i:0;s:7:"wrapper";a:3:{s:5:"width";s:0:"";s:5:"class";s:0:"";s:2:"id";s:0:"";}s:9:"placement";s:3:"top";s:8:"endpoint";i:0;}]]></content:encoded>
		<excerpt:encoded><![CDATA[]]></excerpt:encoded>
		<wp:post_id>182</wp:post_id>
		<wp:post_date><![CDATA[2017-05-01 17:49:10]]></wp:post_date>
		<wp:post_date_gmt><![CDATA[2017-05-01 17:49:10]]></wp:post_date_gmt>
		<wp:comment_status><![CDATA[closed]]></wp:comment_status>
		<wp:ping_status><![CDATA[closed]]></wp:ping_status>
		<wp:post_name><![CDATA[field_58bed3428e47c]]></wp:post_name>
		<wp:status><![CDATA[publish]]></wp:status>
		<wp:post_parent>181</wp:post_parent>
		<wp:menu_order>0</wp:menu_order>
		<wp:post_type><![CDATA[acf-field]]></wp:post_type>
		<wp:post_password><![CDATA[]]></wp:post_password>
		<wp:is_sticky>0</wp:is_sticky>
	</item>
	<item>
		<title>Part ID</title>
		<link>http://www.sandbox.dev/?post_type=acf-field&#038;p=183</link>
		<pubDate>Mon, 01 May 2017 17:49:10 +0000</pubDate>
		<dc:creator><![CDATA[dev]]></dc:creator>
		<guid isPermaLink="false">http://www.sandbox.dev/?post_type=acf-field&#038;p=183</guid>
		<description></description>
		<content:encoded><![CDATA[a:10:{s:4:"type";s:4:"text";s:12:"instructions";s:0:"";s:8:"required";i:1;s:17:"conditional_logic";i:0;s:7:"wrapper";a:3:{s:5:"width";s:0:"";s:5:"class";s:0:"";s:2:"id";s:0:"";}s:13:"default_value";s:0:"";s:11:"placeholder";s:0:"";s:7:"prepend";s:0:"";s:6:"append";s:0:"";s:9:"maxlength";s:0:"";}]]></content:encoded>
		<excerpt:encoded><![CDATA[part_id]]></excerpt:encoded>
		<wp:post_id>183</wp:post_id>
		<wp:post_date><![CDATA[2017-05-01 17:49:10]]></wp:post_date>
		<wp:post_date_gmt><![CDATA[2017-05-01 17:49:10]]></wp:post_date_gmt>
		<wp:comment_status><![CDATA[closed]]></wp:comment_status>
		<wp:ping_status><![CDATA[closed]]></wp:ping_status>
		<wp:post_name><![CDATA[field_58be21cb63558]]></wp:post_name>
		<wp:status><![CDATA[publish]]></wp:status>
		<wp:post_parent>181</wp:post_parent>
		<wp:menu_order>1</wp:menu_order>
		<wp:post_type><![CDATA[acf-field]]></wp:post_type>
		<wp:post_password><![CDATA[]]></wp:post_password>
		<wp:is_sticky>0</wp:is_sticky>
	</item>
	<item>
		<title>Part No.</title>
		<link>http://www.sandbox.dev/?post_type=acf-field&#038;p=184</link>
		<pubDate>Mon, 01 May 2017 17:49:10 +0000</pubDate>
		<dc:creator><![CDATA[dev]]></dc:creator>
		<guid isPermaLink="false">http://www.sandbox.dev/?post_type=acf-field&#038;p=184</guid>
		<description></description>
		<content:encoded><![CDATA[a:10:{s:4:"type";s:4:"text";s:12:"instructions";s:0:"";s:8:"required";i:1;s:17:"conditional_logic";i:0;s:7:"wrapper";a:3:{s:5:"width";s:0:"";s:5:"class";s:0:"";s:2:"id";s:0:"";}s:13:"default_value";s:0:"";s:11:"placeholder";s:0:"";s:7:"prepend";s:0:"";s:6:"append";s:0:"";s:9:"maxlength";s:0:"";}]]></content:encoded>
		<excerpt:encoded><![CDATA[part_no]]></excerpt:encoded>
		<wp:post_id>184</wp:post_id>
		<wp:post_date><![CDATA[2017-05-01 17:49:10]]></wp:post_date>
		<wp:post_date_gmt><![CDATA[2017-05-01 17:49:10]]></wp:post_date_gmt>
		<wp:comment_status><![CDATA[closed]]></wp:comment_status>
		<wp:ping_status><![CDATA[closed]]></wp:ping_status>
		<wp:post_name><![CDATA[field_58be224180f49]]></wp:post_name>
		<wp:status><![CDATA[publish]]></wp:status>
		<wp:post_parent>181</wp:post_parent>
		<wp:menu_order>2</wp:menu_order>
		<wp:post_type><![CDATA[acf-field]]></wp:post_type>
		<wp:post_password><![CDATA[]]></wp:post_password>
		<wp:is_sticky>0</wp:is_sticky>
	</item>
	<item>
		<title>Part Category</title>
		<link>http://www.sandbox.dev/?post_type=acf-field&#038;p=185</link>
		<pubDate>Mon, 01 May 2017 17:49:10 +0000</pubDate>
		<dc:creator><![CDATA[dev]]></dc:creator>
		<guid isPermaLink="false">http://www.sandbox.dev/?post_type=acf-field&#038;p=185</guid>
		<description></description>
		<content:encoded><![CDATA[a:13:{s:4:"type";s:8:"taxonomy";s:12:"instructions";s:0:"";s:8:"required";i:1;s:17:"conditional_logic";i:0;s:7:"wrapper";a:3:{s:5:"width";s:0:"";s:5:"class";s:0:"";s:2:"id";s:0:"";}s:8:"taxonomy";s:13:"part-category";s:10:"field_type";s:8:"checkbox";s:10:"allow_null";i:1;s:8:"add_term";i:1;s:10:"save_terms";i:1;s:10:"load_terms";i:1;s:13:"return_format";s:6:"object";s:8:"multiple";i:0;}]]></content:encoded>
		<excerpt:encoded><![CDATA[part_category]]></excerpt:encoded>
		<wp:post_id>185</wp:post_id>
		<wp:post_date><![CDATA[2017-05-01 17:49:10]]></wp:post_date>
		<wp:post_date_gmt><![CDATA[2017-05-01 17:49:10]]></wp:post_date_gmt>
		<wp:comment_status><![CDATA[closed]]></wp:comment_status>
		<wp:ping_status><![CDATA[closed]]></wp:ping_status>
		<wp:post_name><![CDATA[field_58bed5eb041ea]]></wp:post_name>
		<wp:status><![CDATA[publish]]></wp:status>
		<wp:post_parent>181</wp:post_parent>
		<wp:menu_order>3</wp:menu_order>
		<wp:post_type><![CDATA[acf-field]]></wp:post_type>
		<wp:post_password><![CDATA[]]></wp:post_password>
		<wp:is_sticky>0</wp:is_sticky>
	</item>
	<item>
		<title>Part Name</title>
		<link>http://www.sandbox.dev/?post_type=acf-field&#038;p=186</link>
		<pubDate>Mon, 01 May 2017 17:49:10 +0000</pubDate>
		<dc:creator><![CDATA[dev]]></dc:creator>
		<guid isPermaLink="false">http://www.sandbox.dev/?post_type=acf-field&#038;p=186</guid>
		<description></description>
		<content:encoded><![CDATA[a:10:{s:4:"type";s:4:"text";s:12:"instructions";s:0:"";s:8:"required";i:0;s:17:"conditional_logic";i:0;s:7:"wrapper";a:3:{s:5:"width";s:0:"";s:5:"class";s:0:"";s:2:"id";s:0:"";}s:13:"default_value";s:0:"";s:11:"placeholder";s:0:"";s:7:"prepend";s:0:"";s:6:"append";s:0:"";s:9:"maxlength";s:0:"";}]]></content:encoded>
		<excerpt:encoded><![CDATA[part_name]]></excerpt:encoded>
		<wp:post_id>186</wp:post_id>
		<wp:post_date><![CDATA[2017-05-01 17:49:10]]></wp:post_date>
		<wp:post_date_gmt><![CDATA[2017-05-01 17:49:10]]></wp:post_date_gmt>
		<wp:comment_status><![CDATA[closed]]></wp:comment_status>
		<wp:ping_status><![CDATA[closed]]></wp:ping_status>
		<wp:post_name><![CDATA[field_58be224e80f4a]]></wp:post_name>
		<wp:status><![CDATA[publish]]></wp:status>
		<wp:post_parent>181</wp:post_parent>
		<wp:menu_order>4</wp:menu_order>
		<wp:post_type><![CDATA[acf-field]]></wp:post_type>
		<wp:post_password><![CDATA[]]></wp:post_password>
		<wp:is_sticky>0</wp:is_sticky>
	</item>
	<item>
		<title>Part Sku</title>
		<link>http://www.sandbox.dev/?post_type=acf-field&#038;p=187</link>
		<pubDate>Mon, 01 May 2017 17:49:10 +0000</pubDate>
		<dc:creator><![CDATA[dev]]></dc:creator>
		<guid isPermaLink="false">http://www.sandbox.dev/?post_type=acf-field&#038;p=187</guid>
		<description></description>
		<content:encoded><![CDATA[a:10:{s:4:"type";s:4:"text";s:12:"instructions";s:0:"";s:8:"required";i:0;s:17:"conditional_logic";i:0;s:7:"wrapper";a:3:{s:5:"width";s:0:"";s:5:"class";s:0:"";s:2:"id";s:0:"";}s:13:"default_value";s:0:"";s:11:"placeholder";s:0:"";s:7:"prepend";s:0:"";s:6:"append";s:0:"";s:9:"maxlength";s:0:"";}]]></content:encoded>
		<excerpt:encoded><![CDATA[part_sku]]></excerpt:encoded>
		<wp:post_id>187</wp:post_id>
		<wp:post_date><![CDATA[2017-05-01 17:49:10]]></wp:post_date>
		<wp:post_date_gmt><![CDATA[2017-05-01 17:49:10]]></wp:post_date_gmt>
		<wp:comment_status><![CDATA[closed]]></wp:comment_status>
		<wp:ping_status><![CDATA[closed]]></wp:ping_status>
		<wp:post_name><![CDATA[field_58be2211b049f]]></wp:post_name>
		<wp:status><![CDATA[publish]]></wp:status>
		<wp:post_parent>181</wp:post_parent>
		<wp:menu_order>5</wp:menu_order>
		<wp:post_type><![CDATA[acf-field]]></wp:post_type>
		<wp:post_password><![CDATA[]]></wp:post_password>
		<wp:is_sticky>0</wp:is_sticky>
	</item>
	<item>
		<title>Part Description</title>
		<link>http://www.sandbox.dev/?post_type=acf-field&#038;p=188</link>
		<pubDate>Mon, 01 May 2017 17:49:10 +0000</pubDate>
		<dc:creator><![CDATA[dev]]></dc:creator>
		<guid isPermaLink="false">http://www.sandbox.dev/?post_type=acf-field&#038;p=188</guid>
		<description></description>
		<content:encoded><![CDATA[a:10:{s:4:"type";s:8:"textarea";s:12:"instructions";s:0:"";s:8:"required";i:0;s:17:"conditional_logic";i:0;s:7:"wrapper";a:3:{s:5:"width";s:0:"";s:5:"class";s:0:"";s:2:"id";s:0:"";}s:13:"default_value";s:0:"";s:11:"placeholder";s:0:"";s:9:"maxlength";s:0:"";s:4:"rows";s:0:"";s:9:"new_lines";s:0:"";}]]></content:encoded>
		<excerpt:encoded><![CDATA[part_description]]></excerpt:encoded>
		<wp:post_id>188</wp:post_id>
		<wp:post_date><![CDATA[2017-05-01 17:49:10]]></wp:post_date>
		<wp:post_date_gmt><![CDATA[2017-05-01 17:49:10]]></wp:post_date_gmt>
		<wp:comment_status><![CDATA[closed]]></wp:comment_status>
		<wp:ping_status><![CDATA[closed]]></wp:ping_status>
		<wp:post_name><![CDATA[field_58be225a80f4b]]></wp:post_name>
		<wp:status><![CDATA[publish]]></wp:status>
		<wp:post_parent>181</wp:post_parent>
		<wp:menu_order>6</wp:menu_order>
		<wp:post_type><![CDATA[acf-field]]></wp:post_type>
		<wp:post_password><![CDATA[]]></wp:post_password>
		<wp:is_sticky>0</wp:is_sticky>
	</item>
	<item>
		<title>Details</title>
		<link>http://www.sandbox.dev/?post_type=acf-field&#038;p=189</link>
		<pubDate>Mon, 01 May 2017 17:49:10 +0000</pubDate>
		<dc:creator><![CDATA[dev]]></dc:creator>
		<guid isPermaLink="false">http://www.sandbox.dev/?post_type=acf-field&#038;p=189</guid>
		<description></description>
		<content:encoded><![CDATA[a:7:{s:4:"type";s:3:"tab";s:12:"instructions";s:0:"";s:8:"required";i:0;s:17:"conditional_logic";i:0;s:7:"wrapper";a:3:{s:5:"width";s:0:"";s:5:"class";s:0:"";s:2:"id";s:0:"";}s:9:"placement";s:3:"top";s:8:"endpoint";i:0;}]]></content:encoded>
		<excerpt:encoded><![CDATA[]]></excerpt:encoded>
		<wp:post_id>189</wp:post_id>
		<wp:post_date><![CDATA[2017-05-01 17:49:10]]></wp:post_date>
		<wp:post_date_gmt><![CDATA[2017-05-01 17:49:10]]></wp:post_date_gmt>
		<wp:comment_status><![CDATA[closed]]></wp:comment_status>
		<wp:ping_status><![CDATA[closed]]></wp:ping_status>
		<wp:post_name><![CDATA[field_58bed39aaa35e]]></wp:post_name>
		<wp:status><![CDATA[publish]]></wp:status>
		<wp:post_parent>181</wp:post_parent>
		<wp:menu_order>7</wp:menu_order>
		<wp:post_type><![CDATA[acf-field]]></wp:post_type>
		<wp:post_password><![CDATA[]]></wp:post_password>
		<wp:is_sticky>0</wp:is_sticky>
	</item>
	<item>
		<title>Part Units</title>
		<link>http://www.sandbox.dev/?post_type=acf-field&#038;p=190</link>
		<pubDate>Mon, 01 May 2017 17:49:10 +0000</pubDate>
		<dc:creator><![CDATA[dev]]></dc:creator>
		<guid isPermaLink="false">http://www.sandbox.dev/?post_type=acf-field&#038;p=190</guid>
		<description></description>
		<content:encoded><![CDATA[a:10:{s:4:"type";s:4:"text";s:12:"instructions";s:0:"";s:8:"required";i:0;s:17:"conditional_logic";i:0;s:7:"wrapper";a:3:{s:5:"width";s:0:"";s:5:"class";s:0:"";s:2:"id";s:0:"";}s:13:"default_value";s:0:"";s:11:"placeholder";s:0:"";s:7:"prepend";s:0:"";s:6:"append";s:0:"";s:9:"maxlength";s:0:"";}]]></content:encoded>
		<excerpt:encoded><![CDATA[part_units]]></excerpt:encoded>
		<wp:post_id>190</wp:post_id>
		<wp:post_date><![CDATA[2017-05-01 17:49:10]]></wp:post_date>
		<wp:post_date_gmt><![CDATA[2017-05-01 17:49:10]]></wp:post_date_gmt>
		<wp:comment_status><![CDATA[closed]]></wp:comment_status>
		<wp:ping_status><![CDATA[closed]]></wp:ping_status>
		<wp:post_name><![CDATA[field_58be23ec87b4e]]></wp:post_name>
		<wp:status><![CDATA[publish]]></wp:status>
		<wp:post_parent>181</wp:post_parent>
		<wp:menu_order>8</wp:menu_order>
		<wp:post_type><![CDATA[acf-field]]></wp:post_type>
		<wp:post_password><![CDATA[]]></wp:post_password>
		<wp:is_sticky>0</wp:is_sticky>
	</item>
	<item>
		<title>Part Cost</title>
		<link>http://www.sandbox.dev/?post_type=acf-field&#038;p=191</link>
		<pubDate>Mon, 01 May 2017 17:49:11 +0000</pubDate>
		<dc:creator><![CDATA[dev]]></dc:creator>
		<guid isPermaLink="false">http://www.sandbox.dev/?post_type=acf-field&#038;p=191</guid>
		<description></description>
		<content:encoded><![CDATA[a:12:{s:4:"type";s:6:"number";s:12:"instructions";s:0:"";s:8:"required";i:0;s:17:"conditional_logic";i:0;s:7:"wrapper";a:3:{s:5:"width";s:0:"";s:5:"class";s:0:"";s:2:"id";s:0:"";}s:13:"default_value";s:0:"";s:11:"placeholder";s:0:"";s:7:"prepend";s:0:"";s:6:"append";s:0:"";s:3:"min";s:0:"";s:3:"max";s:0:"";s:4:"step";s:0:"";}]]></content:encoded>
		<excerpt:encoded><![CDATA[part_cost]]></excerpt:encoded>
		<wp:post_id>191</wp:post_id>
		<wp:post_date><![CDATA[2017-05-01 17:49:11]]></wp:post_date>
		<wp:post_date_gmt><![CDATA[2017-05-01 17:49:11]]></wp:post_date_gmt>
		<wp:comment_status><![CDATA[closed]]></wp:comment_status>
		<wp:ping_status><![CDATA[closed]]></wp:ping_status>
		<wp:post_name><![CDATA[field_58be26e874984]]></wp:post_name>
		<wp:status><![CDATA[publish]]></wp:status>
		<wp:post_parent>181</wp:post_parent>
		<wp:menu_order>9</wp:menu_order>
		<wp:post_type><![CDATA[acf-field]]></wp:post_type>
		<wp:post_password><![CDATA[]]></wp:post_password>
		<wp:is_sticky>0</wp:is_sticky>
	</item>
	<item>
		<title>Part Weight</title>
		<link>http://www.sandbox.dev/?post_type=acf-field&#038;p=192</link>
		<pubDate>Mon, 01 May 2017 17:49:11 +0000</pubDate>
		<dc:creator><![CDATA[dev]]></dc:creator>
		<guid isPermaLink="false">http://www.sandbox.dev/?post_type=acf-field&#038;p=192</guid>
		<description></description>
		<content:encoded><![CDATA[a:12:{s:4:"type";s:6:"number";s:12:"instructions";s:0:"";s:8:"required";i:0;s:17:"conditional_logic";i:0;s:7:"wrapper";a:3:{s:5:"width";s:0:"";s:5:"class";s:0:"";s:2:"id";s:0:"";}s:13:"default_value";s:0:"";s:11:"placeholder";s:0:"";s:7:"prepend";s:0:"";s:6:"append";s:0:"";s:3:"min";s:0:"";s:3:"max";s:0:"";s:4:"step";s:0:"";}]]></content:encoded>
		<excerpt:encoded><![CDATA[part_weight]]></excerpt:encoded>
		<wp:post_id>192</wp:post_id>
		<wp:post_date><![CDATA[2017-05-01 17:49:11]]></wp:post_date>
		<wp:post_date_gmt><![CDATA[2017-05-01 17:49:11]]></wp:post_date_gmt>
		<wp:comment_status><![CDATA[closed]]></wp:comment_status>
		<wp:ping_status><![CDATA[closed]]></wp:ping_status>
		<wp:post_name><![CDATA[field_58be25d7bc42b]]></wp:post_name>
		<wp:status><![CDATA[publish]]></wp:status>
		<wp:post_parent>181</wp:post_parent>
		<wp:menu_order>10</wp:menu_order>
		<wp:post_type><![CDATA[acf-field]]></wp:post_type>
		<wp:post_password><![CDATA[]]></wp:post_password>
		<wp:is_sticky>0</wp:is_sticky>
	</item>
	<item>
		<title>Part Measurement</title>
		<link>http://www.sandbox.dev/?post_type=acf-field&#038;p=193</link>
		<pubDate>Mon, 01 May 2017 17:49:11 +0000</pubDate>
		<dc:creator><![CDATA[dev]]></dc:creator>
		<guid isPermaLink="false">http://www.sandbox.dev/?post_type=acf-field&#038;p=193</guid>
		<description></description>
		<content:encoded><![CDATA[a:10:{s:4:"type";s:4:"text";s:12:"instructions";s:0:"";s:8:"required";i:0;s:17:"conditional_logic";i:0;s:7:"wrapper";a:3:{s:5:"width";s:0:"";s:5:"class";s:0:"";s:2:"id";s:0:"";}s:13:"default_value";s:0:"";s:11:"placeholder";s:0:"";s:7:"prepend";s:0:"";s:6:"append";s:0:"";s:9:"maxlength";s:0:"";}]]></content:encoded>
		<excerpt:encoded><![CDATA[part_measurement]]></excerpt:encoded>
		<wp:post_id>193</wp:post_id>
		<wp:post_date><![CDATA[2017-05-01 17:49:11]]></wp:post_date>
		<wp:post_date_gmt><![CDATA[2017-05-01 17:49:11]]></wp:post_date_gmt>
		<wp:comment_status><![CDATA[closed]]></wp:comment_status>
		<wp:ping_status><![CDATA[closed]]></wp:ping_status>
		<wp:post_name><![CDATA[field_58be27115df5e]]></wp:post_name>
		<wp:status><![CDATA[publish]]></wp:status>
		<wp:post_parent>181</wp:post_parent>
		<wp:menu_order>11</wp:menu_order>
		<wp:post_type><![CDATA[acf-field]]></wp:post_type>
		<wp:post_password><![CDATA[]]></wp:post_password>
		<wp:is_sticky>0</wp:is_sticky>
	</item>
	<item>
		<title>Part Notes</title>
		<link>http://www.sandbox.dev/?post_type=acf-field&#038;p=194</link>
		<pubDate>Mon, 01 May 2017 17:49:11 +0000</pubDate>
		<dc:creator><![CDATA[dev]]></dc:creator>
		<guid isPermaLink="false">http://www.sandbox.dev/?post_type=acf-field&#038;p=194</guid>
		<description></description>
		<content:encoded><![CDATA[a:10:{s:4:"type";s:8:"textarea";s:12:"instructions";s:0:"";s:8:"required";i:0;s:17:"conditional_logic";i:0;s:7:"wrapper";a:3:{s:5:"width";s:0:"";s:5:"class";s:0:"";s:2:"id";s:0:"";}s:13:"default_value";s:0:"";s:11:"placeholder";s:0:"";s:9:"maxlength";s:0:"";s:4:"rows";s:0:"";s:9:"new_lines";s:7:"wpautop";}]]></content:encoded>
		<excerpt:encoded><![CDATA[part_notes]]></excerpt:encoded>
		<wp:post_id>194</wp:post_id>
		<wp:post_date><![CDATA[2017-05-01 17:49:11]]></wp:post_date>
		<wp:post_date_gmt><![CDATA[2017-05-01 17:49:11]]></wp:post_date_gmt>
		<wp:comment_status><![CDATA[closed]]></wp:comment_status>
		<wp:ping_status><![CDATA[closed]]></wp:ping_status>
		<wp:post_name><![CDATA[field_58be268b32e00]]></wp:post_name>
		<wp:status><![CDATA[publish]]></wp:status>
		<wp:post_parent>181</wp:post_parent>
		<wp:menu_order>12</wp:menu_order>
		<wp:post_type><![CDATA[acf-field]]></wp:post_type>
		<wp:post_password><![CDATA[]]></wp:post_password>
		<wp:is_sticky>0</wp:is_sticky>
	</item>
</channel>
</rss>
