[
    {
        "key": "group_590779985a45c",
        "title": "Item Components",
        "fields": [
            {
                "key": "field_5907799d06cf9",
                "label": "Components",
                "name": "components",
                "type": "repeater",
                "instructions": "",
                "required": 0,
                "conditional_logic": 0,
                "wrapper": {
                    "width": "",
                    "class": "",
                    "id": ""
                },
                "collapsed": "field_590779b206cfa",
                "min": 0,
                "max": 0,
                "layout": "block",
                "button_label": "Add Row",
                "sub_fields": [
                    {
                        "key": "field_590779b206cfa",
                        "label": "Component",
                        "name": "component",
                        "type": "post_object",
                        "instructions": "",
                        "required": 0,
                        "conditional_logic": 0,
                        "wrapper": {
                            "width": "",
                            "class": "",
                            "id": ""
                        },
                        "post_type": [
                            "part",
                            "assembly"
                        ],
                        "taxonomy": [],
                        "allow_null": 0,
                        "multiple": 0,
                        "return_format": "object",
                        "ui": 1
                    },
                    {
                        "key": "field_592876d6a0fbb",
                        "label": "Qty",
                        "name": "qty",
                        "type": "number",
                        "instructions": "",
                        "required": 1,
                        "conditional_logic": 0,
                        "wrapper": {
                            "width": "",
                            "class": "",
                            "id": ""
                        },
                        "default_value": 1,
                        "placeholder": "",
                        "prepend": "",
                        "append": "",
                        "min": 0,
                        "max": "",
                        "step": 1
                    }
                ]
            }
        ],
        "location": [
            [
                {
                    "param": "post_type",
                    "operator": "==",
                    "value": "product"
                }
            ],
            [
                {
                    "param": "post_type",
                    "operator": "==",
                    "value": "part"
                }
            ],
            [
                {
                    "param": "post_type",
                    "operator": "==",
                    "value": "assembly"
                }
            ]
        ],
        "menu_order": 0,
        "position": "normal",
        "style": "default",
        "label_placement": "left",
        "instruction_placement": "label",
        "hide_on_screen": "",
        "active": 1,
        "description": "Relation between Products and the parts & assemblies they use"
    }
]