[
    {
        "key": "group_590779985a45c",
        "title": "Item Components",
        "fields": [
            {
                "key": "field_5907799d06cf9",
                "label": "Components",
                "name": "components",
                "type": "repeater",
                "instructions": "",
                "required": 0,
                "conditional_logic": 0,
                "wrapper": {
                    "width": "",
                    "class": "",
                    "id": ""
                },
                "collapsed": "field_590779b206cfa",
                "min": 0,
                "max": 0,
                "layout": "block",
                "button_label": "Add Row",
                "sub_fields": [
                    {
                        "key": "field_590779b206cfa",
                        "label": "Component",
                        "name": "component",
                        "type": "post_object",
                        "instructions": "",
                        "required": 0,
                        "conditional_logic": 0,
                        "wrapper": {
                            "width": "",
                            "class": "",
                            "id": ""
                        },
                        "post_type": [
                            "part",
                            "assembly"
                        ],
                        "taxonomy": [],
                        "allow_null": 0,
                        "multiple": 0,
                        "return_format": "object",
                        "ui": 1
                    },
                    {
                        "key": "field_592876d6a0fbb",
                        "label": "Qty",
                        "name": "qty",
                        "type": "number",
                        "instructions": "",
                        "required": 1,
                        "conditional_logic": 0,
                        "wrapper": {
                            "width": "",
                            "class": "",
                            "id": ""
                        },
                        "default_value": 1,
                        "placeholder": "",
                        "prepend": "",
                        "append": "",
                        "min": 0,
                        "max": "",
                        "step": 1
                    }
                ]
            }
        ],
        "location": [
            [
                {
                    "param": "post_type",
                    "operator": "==",
                    "value": "product"
                }
            ],
            [
                {
                    "param": "post_type",
                    "operator": "==",
                    "value": "part"
                }
            ],
            [
                {
                    "param": "post_type",
                    "operator": "==",
                    "value": "assembly"
                }
            ]
        ],
        "menu_order": 0,
        "position": "normal",
        "style": "default",
        "label_placement": "left",
        "instruction_placement": "label",
        "hide_on_screen": "",
        "active": 1,
        "description": "Relation between Products and the parts & assemblies they use"
    },
    {
        "key": "group_58bec9c065391",
        "title": "Part & Assembly",
        "fields": [
            {
                "key": "field_58bed89fe21dc",
                "label": "Basic",
                "name": "",
                "type": "tab",
                "instructions": "",
                "required": 0,
                "conditional_logic": 0,
                "wrapper": {
                    "width": "",
                    "class": "",
                    "id": ""
                },
                "placement": "top",
                "endpoint": 0
            },
            {
                "key": "field_58bec9d3ae35b",
                "label": "ID",
                "name": "",
                "type": "text",
                "instructions": "Unique identifier of assembly",
                "required": 1,
                "conditional_logic": 0,
                "wrapper": {
                    "width": "",
                    "class": "",
                    "id": ""
                },
                "default_value": "",
                "placeholder": "",
                "prepend": "",
                "append": "",
                "maxlength": ""
            },
            {
                "key": "field_59077aa89c6ff",
                "label": "SKU",
                "name": "sku",
                "type": "text",
                "instructions": "SKU number used to characterize part.",
                "required": 0,
                "conditional_logic": 0,
                "wrapper": {
                    "width": "",
                    "class": "",
                    "id": ""
                },
                "default_value": "",
                "placeholder": "",
                "prepend": "",
                "append": "",
                "maxlength": ""
            },
            {
                "key": "field_58bed73b66f46",
                "label": "Category",
                "name": "category",
                "type": "taxonomy",
                "instructions": "Category used to group assemblies.",
                "required": 0,
                "conditional_logic": 0,
                "wrapper": {
                    "width": "",
                    "class": "",
                    "id": ""
                },
                "taxonomy": "part-category",
                "field_type": "checkbox",
                "allow_null": 1,
                "add_term": 1,
                "save_terms": 1,
                "load_terms": 1,
                "return_format": "object",
                "multiple": 0
            },
            {
                "key": "field_58bed72466f45",
                "label": "Description",
                "name": "description",
                "type": "textarea",
                "instructions": "Description of assembly",
                "required": 0,
                "conditional_logic": 0,
                "wrapper": {
                    "width": "",
                    "class": "",
                    "id": ""
                },
                "default_value": "",
                "placeholder": "Some text describing the nature of this assembly.",
                "maxlength": "",
                "rows": 3,
                "new_lines": ""
            },
            {
                "key": "field_58bed77ab852a",
                "label": "File",
                "name": "",
                "type": "file",
                "instructions": "Add files that associate with the assembly",
                "required": 0,
                "conditional_logic": 0,
                "wrapper": {
                    "width": "",
                    "class": "",
                    "id": ""
                },
                "return_format": "array",
                "library": "all",
                "min_size": "",
                "max_size": 15,
                "mime_types": ""
            }
        ],
        "location": [
            [
                {
                    "param": "post_type",
                    "operator": "==",
                    "value": "assembly"
                }
            ],
            [
                {
                    "param": "post_type",
                    "operator": "==",
                    "value": "part"
                }
            ]
        ],
        "menu_order": 0,
        "position": "normal",
        "style": "default",
        "label_placement": "left",
        "instruction_placement": "label",
        "hide_on_screen": "",
        "active": 1,
        "description": "Assembly object made of parts and sub-assemblies that make up a product."
    }
]