[
    {
        "key": "group_58bec9c065391",
        "title": "Assembly",
        "fields": [
            {
                "key": "field_59077aa89c6ff",
                "label": "Assembly ID",
                "name": "assembly_id",
                "type": "text",
                "instructions": "ID number of assembly",
                "required": 1,
                "conditional_logic": 0,
                "wrapper": {
                    "width": "",
                    "class": "",
                    "id": ""
                },
                "default_value": "",
                "placeholder": "GBPP-808",
                "prepend": "",
                "append": "",
                "maxlength": ""
            },
            {
                "key": "field_58bec9fc4dcd4",
                "label": "Assembly Items",
                "name": "assembly_items",
                "type": "repeater",
                "instructions": "Enter qty of parts & sub-assemblies used in building this assmelby.",
                "required": 0,
                "conditional_logic": 0,
                "wrapper": {
                    "width": "",
                    "class": "",
                    "id": ""
                },
                "collapsed": "",
                "min": 0,
                "max": 0,
                "layout": "table",
                "button_label": "Add Item",
                "sub_fields": [
                    {
                        "key": "field_5baa9f1eee1b3",
                        "label": "Part or Sub-Assembly",
                        "name": "part_or_sub_assembly",
                        "type": "select",
                        "instructions": "",
                        "required": 1,
                        "conditional_logic": 0,
                        "wrapper": {
                            "width": "",
                            "class": "",
                            "id": ""
                        },
                        "choices": {
                            "Part": "Part",
                            "Sub-Assembly": "Sub-Assembly"
                        },
                        "default_value": [
                            "Part"
                        ],
                        "allow_null": 0,
                        "multiple": 0,
                        "ui": 1,
                        "ajax": 0,
                        "return_format": "value",
                        "placeholder": ""
                    },
                    {
                        "key": "field_58beca774dcd6",
                        "label": "Quantity",
                        "name": "quantity",
                        "type": "number",
                        "instructions": "",
                        "required": 0,
                        "conditional_logic": 0,
                        "wrapper": {
                            "width": "20",
                            "class": "",
                            "id": ""
                        },
                        "default_value": 1,
                        "placeholder": "",
                        "prepend": "",
                        "append": "units",
                        "min": "",
                        "max": "",
                        "step": ""
                    },
                    {
                        "key": "field_58beca404dcd5",
                        "label": "Item",
                        "name": "item",
                        "type": "post_object",
                        "instructions": "",
                        "required": 0,
                        "conditional_logic": 0,
                        "wrapper": {
                            "width": "80",
                            "class": "",
                            "id": ""
                        },
                        "post_type": [
                            "part",
                            "assembly"
                        ],
                        "taxonomy": [],
                        "allow_null": 0,
                        "multiple": 0,
                        "return_format": "object",
                        "ui": 1
                    }
                ]
            }
        ],
        "location": [
            [
                {
                    "param": "post_type",
                    "operator": "==",
                    "value": "assembly"
                }
            ]
        ],
        "menu_order": 0,
        "position": "normal",
        "style": "default",
        "label_placement": "top",
        "instruction_placement": "label",
        "hide_on_screen": "",
        "active": 1,
        "description": "Collection of components, parts, sub-assemblies to create an assembly used in creation of products."
    },
    {
        "key": "group_5af216d695b47",
        "title": "Inventory",
        "fields": [
            {
                "key": "field_5af216e00aaed",
                "label": "Inventory ID",
                "name": "inventory_id",
                "type": "text",
                "instructions": "",
                "required": 0,
                "conditional_logic": 0,
                "wrapper": {
                    "width": "",
                    "class": "",
                    "id": ""
                },
                "default_value": "",
                "placeholder": "",
                "prepend": "",
                "append": "",
                "maxlength": ""
            },
            {
                "key": "field_5af2174e31865",
                "label": "Type",
                "name": "type",
                "type": "text",
                "instructions": "",
                "required": 0,
                "conditional_logic": 0,
                "wrapper": {
                    "width": "",
                    "class": "",
                    "id": ""
                },
                "default_value": "",
                "placeholder": "",
                "prepend": "",
                "append": "",
                "maxlength": ""
            },
            {
                "key": "field_5af2170f0aaef",
                "label": "Category",
                "name": "category",
                "type": "taxonomy",
                "instructions": "",
                "required": 0,
                "conditional_logic": 0,
                "wrapper": {
                    "width": "",
                    "class": "",
                    "id": ""
                },
                "taxonomy": "product_cat",
                "field_type": "checkbox",
                "allow_null": 1,
                "add_term": 1,
                "save_terms": 1,
                "load_terms": 1,
                "return_format": "id",
                "multiple": 0
            },
            {
                "key": "field_5af217fa1c05f",
                "label": "Group",
                "name": "group",
                "type": "radio",
                "instructions": "",
                "required": 0,
                "conditional_logic": 0,
                "wrapper": {
                    "width": "",
                    "class": "",
                    "id": ""
                },
                "choices": {
                    "Receiving": "Receiving",
                    "Requisition": "Requisition",
                    "Shipping": "Shipping",
                    "Damaged": "Damaged"
                },
                "allow_null": 1,
                "other_choice": 1,
                "save_other_choice": 1,
                "default_value": "Receiving",
                "layout": "vertical",
                "return_format": "value"
            },
            {
                "key": "field_5af2175a31866",
                "label": "Items",
                "name": "items",
                "type": "repeater",
                "instructions": "",
                "required": 0,
                "conditional_logic": 0,
                "wrapper": {
                    "width": "",
                    "class": "",
                    "id": ""
                },
                "collapsed": "",
                "min": 0,
                "max": 0,
                "layout": "table",
                "button_label": "",
                "sub_fields": [
                    {
                        "key": "field_5af218a22a435",
                        "label": "Req ID",
                        "name": "req_id",
                        "type": "text",
                        "instructions": "",
                        "required": 0,
                        "conditional_logic": [
                            [
                                {
                                    "field": "field_5af217fa1c05f",
                                    "operator": "==",
                                    "value": "Requisition"
                                }
                            ]
                        ],
                        "wrapper": {
                            "width": "",
                            "class": "",
                            "id": ""
                        },
                        "default_value": "",
                        "placeholder": "",
                        "prepend": "",
                        "append": "",
                        "maxlength": ""
                    },
                    {
                        "key": "field_5af217af3186a",
                        "label": "Category",
                        "name": "category",
                        "type": "taxonomy",
                        "instructions": "",
                        "required": 0,
                        "conditional_logic": 0,
                        "wrapper": {
                            "width": "",
                            "class": "",
                            "id": ""
                        },
                        "taxonomy": "material",
                        "field_type": "checkbox",
                        "allow_null": 1,
                        "add_term": 1,
                        "save_terms": 1,
                        "load_terms": 1,
                        "return_format": "id",
                        "multiple": 0
                    },
                    {
                        "key": "field_5af2179831869",
                        "label": "Vendor",
                        "name": "vendor",
                        "type": "taxonomy",
                        "instructions": "",
                        "required": 0,
                        "conditional_logic": 0,
                        "wrapper": {
                            "width": "",
                            "class": "",
                            "id": ""
                        },
                        "taxonomy": "vendor",
                        "field_type": "select",
                        "allow_null": 1,
                        "add_term": 1,
                        "save_terms": 1,
                        "load_terms": 1,
                        "return_format": "id",
                        "multiple": 0
                    },
                    {
                        "key": "field_5af2177231867",
                        "label": "Item",
                        "name": "item",
                        "type": "post_object",
                        "instructions": "",
                        "required": 0,
                        "conditional_logic": 0,
                        "wrapper": {
                            "width": "",
                            "class": "",
                            "id": ""
                        },
                        "post_type": [
                            "part"
                        ],
                        "taxonomy": [],
                        "allow_null": 1,
                        "multiple": 0,
                        "return_format": "object",
                        "ui": 1
                    },
                    {
                        "key": "field_5af2178831868",
                        "label": "Qty",
                        "name": "qty",
                        "type": "number",
                        "instructions": "",
                        "required": 0,
                        "conditional_logic": 0,
                        "wrapper": {
                            "width": "",
                            "class": "",
                            "id": ""
                        },
                        "default_value": 1,
                        "placeholder": "",
                        "prepend": "",
                        "append": "",
                        "min": "",
                        "max": "",
                        "step": ""
                    }
                ]
            },
            {
                "key": "field_5af217d51c05e",
                "label": "Req ID",
                "name": "req_id",
                "type": "text",
                "instructions": "",
                "required": 0,
                "conditional_logic": 0,
                "wrapper": {
                    "width": "",
                    "class": "",
                    "id": ""
                },
                "default_value": "",
                "placeholder": "",
                "prepend": "",
                "append": "",
                "maxlength": ""
            }
        ],
        "location": [
            [
                {
                    "param": "post_type",
                    "operator": "==",
                    "value": "post"
                }
            ]
        ],
        "menu_order": 0,
        "position": "normal",
        "style": "default",
        "label_placement": "top",
        "instruction_placement": "label",
        "hide_on_screen": "",
        "active": 1,
        "description": ""
    },
    {
        "key": "group_58be21633a48e",
        "title": "Part",
        "fields": [
            {
                "key": "field_58be224180f49",
                "label": "Part No.",
                "name": "part_no",
                "type": "text",
                "instructions": "Unique identifier of part",
                "required": 1,
                "conditional_logic": 0,
                "wrapper": {
                    "width": "",
                    "class": "",
                    "id": ""
                },
                "default_value": "STEEL-9032",
                "placeholder": "STEEL-9032",
                "prepend": "",
                "append": "",
                "maxlength": ""
            },
            {
                "key": "field_5ae4d247994c8",
                "label": "SKU",
                "name": "sku",
                "type": "text",
                "instructions": "Unique identifier of part",
                "required": 1,
                "conditional_logic": 0,
                "wrapper": {
                    "width": "",
                    "class": "",
                    "id": ""
                },
                "default_value": "",
                "placeholder": "ST9",
                "prepend": "",
                "append": "",
                "maxlength": ""
            },
            {
                "key": "field_58be26e874984",
                "label": "Cost",
                "name": "cost",
                "type": "number",
                "instructions": "Unit price of part",
                "required": 1,
                "conditional_logic": 0,
                "wrapper": {
                    "width": "",
                    "class": "",
                    "id": ""
                },
                "default_value": "1.00",
                "placeholder": "",
                "prepend": "$",
                "append": "",
                "min": "",
                "max": "",
                "step": ""
            },
            {
                "key": "field_58be25d7bc42b",
                "label": "Weight",
                "name": "weight",
                "type": "number",
                "instructions": "",
                "required": 1,
                "conditional_logic": 0,
                "wrapper": {
                    "width": "",
                    "class": "",
                    "id": ""
                },
                "default_value": "1.5",
                "placeholder": "",
                "prepend": "",
                "append": "lbs",
                "min": "",
                "max": "",
                "step": ".5"
            },
            {
                "key": "field_5ae7bba2657f8",
                "label": "Stock",
                "name": "stock",
                "type": "number",
                "instructions": "",
                "required": 0,
                "conditional_logic": 0,
                "wrapper": {
                    "width": "",
                    "class": "",
                    "id": ""
                },
                "default_value": 10,
                "placeholder": "",
                "prepend": "",
                "append": "units",
                "min": "",
                "max": "",
                "step": ""
            },
            {
                "key": "field_5af1f8533f9bc",
                "label": "Vendor",
                "name": "vendor",
                "type": "taxonomy",
                "instructions": "",
                "required": 0,
                "conditional_logic": 0,
                "wrapper": {
                    "width": "",
                    "class": "",
                    "id": ""
                },
                "taxonomy": "vendor",
                "field_type": "select",
                "allow_null": 1,
                "add_term": 1,
                "save_terms": 1,
                "load_terms": 1,
                "return_format": "id",
                "multiple": 0
            },
            {
                "key": "field_5af1f875a3e69",
                "label": "Category",
                "name": "category",
                "type": "taxonomy",
                "instructions": "",
                "required": 0,
                "conditional_logic": 0,
                "wrapper": {
                    "width": "",
                    "class": "",
                    "id": ""
                },
                "taxonomy": "product_cat",
                "field_type": "checkbox",
                "allow_null": 1,
                "add_term": 1,
                "save_terms": 1,
                "load_terms": 1,
                "return_format": "id",
                "multiple": 0
            }
        ],
        "location": [
            [
                {
                    "param": "post_type",
                    "operator": "==",
                    "value": "part"
                }
            ]
        ],
        "menu_order": 0,
        "position": "acf_after_title",
        "style": "default",
        "label_placement": "left",
        "instruction_placement": "label",
        "hide_on_screen": "",
        "active": 1,
        "description": "Part object used in process of manufacturing assemblies or products."
    },
    {
        "key": "group_590779985a45c",
        "title": "Product",
        "fields": [
            {
                "key": "field_5ae4d314160cc",
                "label": "Product Assembly",
                "name": "product_assembly",
                "type": "repeater",
                "instructions": "Parts, Assemblies used in creation of this product.",
                "required": 0,
                "conditional_logic": 0,
                "wrapper": {
                    "width": "",
                    "class": "",
                    "id": ""
                },
                "collapsed": "field_5ae4d348160cd",
                "min": 0,
                "max": 0,
                "layout": "table",
                "button_label": "Add Item",
                "sub_fields": [
                    {
                        "key": "field_5baaa26dfa0d1",
                        "label": "Part or Assembly",
                        "name": "part_or_assembly",
                        "type": "select",
                        "instructions": "",
                        "required": 0,
                        "conditional_logic": 0,
                        "wrapper": {
                            "width": "",
                            "class": "",
                            "id": ""
                        },
                        "choices": {
                            "Part": "Part",
                            "Assembly": "Assembly"
                        },
                        "default_value": [
                            "Part"
                        ],
                        "allow_null": 0,
                        "multiple": 0,
                        "ui": 1,
                        "ajax": 1,
                        "return_format": "value",
                        "placeholder": ""
                    },
                    {
                        "key": "field_5ae4d366160ce",
                        "label": "Quantity",
                        "name": "quantity",
                        "type": "number",
                        "instructions": "",
                        "required": 0,
                        "conditional_logic": 0,
                        "wrapper": {
                            "width": "20",
                            "class": "",
                            "id": ""
                        },
                        "default_value": 1,
                        "placeholder": "",
                        "prepend": "",
                        "append": "units",
                        "min": "",
                        "max": "",
                        "step": ""
                    },
                    {
                        "key": "field_5ae4d348160cd",
                        "label": "Item",
                        "name": "item",
                        "type": "post_object",
                        "instructions": "",
                        "required": 0,
                        "conditional_logic": 0,
                        "wrapper": {
                            "width": "80",
                            "class": "",
                            "id": ""
                        },
                        "post_type": [
                            "part",
                            "assembly"
                        ],
                        "taxonomy": [],
                        "allow_null": 0,
                        "multiple": 0,
                        "return_format": "object",
                        "ui": 1
                    }
                ]
            }
        ],
        "location": [
            [
                {
                    "param": "post_type",
                    "operator": "==",
                    "value": "product"
                }
            ]
        ],
        "menu_order": 0,
        "position": "normal",
        "style": "default",
        "label_placement": "top",
        "instruction_placement": "label",
        "hide_on_screen": "",
        "active": 1,
        "description": "List of parts, assemblies and their quantities to create products."
    }
]