<pre class='xdebug-var-dump' dir='ltr'>
<small>/Users/andy/Web/webhost/wp-content/plugins/wc-bom/includes/oop-example.php:30:</small>
<b>array</b> <i>(size=8)</i>
  'text_val' <font color='#888a85'>=&gt;</font> <small>int</small> <font color='#4e9a06'>0</font>
  'number_input' <font color='#888a85'>=&gt;</font> <small>int</small> <font color='#4e9a06'>4</font>
  'textarea' <font color='#888a85'>=&gt;</font> <small>string</small> <font color='#cc0000'>'fddf'</font> <i>(length=4)</i>
  'checkbox' <font color='#888a85'>=&gt;</font> <small>string</small> <font color='#cc0000'>'on'</font> <i>(length=2)</i>
  'multicheck' <font color='#888a85'>=&gt;</font> 
    <b>array</b> <i>(size=2)</i>
      'two' <font color='#888a85'>=&gt;</font> <small>string</small> <font color='#cc0000'>'two'</font> <i>(length=3)</i>
      'three' <font color='#888a85'>=&gt;</font> <small>string</small> <font color='#cc0000'>'three'</font> <i>(length=5)</i>
  'selectbox' <font color='#888a85'>=&gt;</font> <small>string</small> <font color='#cc0000'>'no'</font> <i>(length=2)</i>
  'password' <font color='#888a85'>=&gt;</font> <small>string</small> <font color='#cc0000'>''</font> <i>(length=0)</i>
  'file' <font color='#888a85'>=&gt;</font> <small>string</small> <font color='#cc0000'>''</font> <i>(length=0)</i>
</pre><?xml version="1.0" encoding="UTF-8" ?>
<!-- This is a WordPress eXtended RSS file generated by WordPress as an export of your site. -->
<!-- It contains information about your site's posts, pages, comments, categories, and other content. -->
<!-- You may use this file to transfer that content from one site to another. -->
<!-- This file is not intended to serve as a complete backup of your site. -->

<!-- To import this information into a WordPress site follow these steps: -->
<!-- 1. Log in to that site as an administrator. -->
<!-- 2. Go to Tools: Import in the WordPress admin panel. -->
<!-- 3. Install the "WordPress" importer from the list. -->
<!-- 4. Activate & Run Importer. -->
<!-- 5. Upload this file using the form provided on that page. -->
<!-- 6. You will first be asked to map the authors in this export file to users -->
<!--    on the site. For each author, you may choose to map to an -->
<!--    existing user on the site or to create a new user. -->
<!-- 7. WordPress will then import each of the posts, pages, comments, categories, etc. -->
<!--    contained in this file into your site. -->

<!-- generator="WordPress/4.9.8" created="2018-09-25 20:40" -->
<rss version="2.0"
	xmlns:excerpt="http://wordpress.org/export/1.2/excerpt/"
	xmlns:content="http://purl.org/rss/1.0/modules/content/"
	xmlns:wfw="http://wellformedweb.org/CommentAPI/"
	xmlns:dc="http://purl.org/dc/elements/1.1/"
	xmlns:wp="http://wordpress.org/export/1.2/"
>

<channel>
	<title>WebHost</title>
	<link>http://localhost/webhost</link>
	<description>Software and web applications</description>
	<pubDate>Tue, 25 Sep 2018 20:40:43 +0000</pubDate>
	<language>en-US</language>
	<wp:wxr_version>1.2</wp:wxr_version>
	<wp:base_site_url>http://localhost/webhost</wp:base_site_url>
	<wp:base_blog_url>http://localhost/webhost</wp:base_blog_url>

	<wp:author><wp:author_id>1</wp:author_id><wp:author_login><![CDATA[amg26]]></wp:author_login><wp:author_email><![CDATA[andrewmgunn26@gmail.com]]></wp:author_email><wp:author_display_name><![CDATA[admin]]></wp:author_display_name><wp:author_first_name><![CDATA[]]></wp:author_first_name><wp:author_last_name><![CDATA[]]></wp:author_last_name></wp:author>


	<generator>https://wordpress.org/?v=4.9.8</generator>

	<item>
		<title>sasas</title>
		<link>http://localhost/webhost/assembly/sasas/</link>
		<pubDate>Wed, 19 Sep 2018 08:15:01 +0000</pubDate>
		<dc:creator><![CDATA[amg26]]></dc:creator>
		<guid isPermaLink="false">http://localhost/webhost/?post_type=assembly&#038;p=821</guid>
		<description></description>
		<content:encoded><![CDATA[]]></content:encoded>
		<excerpt:encoded><![CDATA[]]></excerpt:encoded>
		<wp:post_id>821</wp:post_id>
		<wp:post_date><![CDATA[2018-09-19 03:15:01]]></wp:post_date>
		<wp:post_date_gmt><![CDATA[2018-09-19 08:15:01]]></wp:post_date_gmt>
		<wp:comment_status><![CDATA[closed]]></wp:comment_status>
		<wp:ping_status><![CDATA[closed]]></wp:ping_status>
		<wp:post_name><![CDATA[sasas]]></wp:post_name>
		<wp:status><![CDATA[publish]]></wp:status>
		<wp:post_parent>0</wp:post_parent>
		<wp:menu_order>0</wp:menu_order>
		<wp:post_type><![CDATA[assembly]]></wp:post_type>
		<wp:post_password><![CDATA[]]></wp:post_password>
		<wp:is_sticky>0</wp:is_sticky>
		<wp:postmeta>
			<wp:meta_key><![CDATA[_edit_last]]></wp:meta_key>
			<wp:meta_value><![CDATA[1]]></wp:meta_value>
		</wp:postmeta>
		<wp:postmeta>
			<wp:meta_key><![CDATA[assembly_id]]></wp:meta_key>
			<wp:meta_value><![CDATA[sddsd]]></wp:meta_value>
		</wp:postmeta>
		<wp:postmeta>
			<wp:meta_key><![CDATA[_assembly_id]]></wp:meta_key>
			<wp:meta_value><![CDATA[field_59077aa89c6ff]]></wp:meta_value>
		</wp:postmeta>
		<wp:postmeta>
			<wp:meta_key><![CDATA[revision]]></wp:meta_key>
			<wp:meta_value><![CDATA[A]]></wp:meta_value>
		</wp:postmeta>
		<wp:postmeta>
			<wp:meta_key><![CDATA[_revision]]></wp:meta_key>
			<wp:meta_value><![CDATA[field_5ae74515fad9f]]></wp:meta_value>
		</wp:postmeta>
		<wp:postmeta>
			<wp:meta_key><![CDATA[assembly_items_0_type]]></wp:meta_key>
			<wp:meta_value><![CDATA[Part]]></wp:meta_value>
		</wp:postmeta>
		<wp:postmeta>
			<wp:meta_key><![CDATA[_assembly_items_0_type]]></wp:meta_key>
			<wp:meta_value><![CDATA[field_5af1f671f04fe]]></wp:meta_value>
		</wp:postmeta>
		<wp:postmeta>
			<wp:meta_key><![CDATA[assembly_items_0_part]]></wp:meta_key>
			<wp:meta_value><![CDATA[822]]></wp:meta_value>
		</wp:postmeta>
		<wp:postmeta>
			<wp:meta_key><![CDATA[_assembly_items_0_part]]></wp:meta_key>
			<wp:meta_value><![CDATA[field_58beca404dcd5]]></wp:meta_value>
		</wp:postmeta>
		<wp:postmeta>
			<wp:meta_key><![CDATA[assembly_items_0_qty]]></wp:meta_key>
			<wp:meta_value><![CDATA[1]]></wp:meta_value>
		</wp:postmeta>
		<wp:postmeta>
			<wp:meta_key><![CDATA[_assembly_items_0_qty]]></wp:meta_key>
			<wp:meta_value><![CDATA[field_58beca774dcd6]]></wp:meta_value>
		</wp:postmeta>
		<wp:postmeta>
			<wp:meta_key><![CDATA[assembly_items_1_type]]></wp:meta_key>
			<wp:meta_value><![CDATA[Part]]></wp:meta_value>
		</wp:postmeta>
		<wp:postmeta>
			<wp:meta_key><![CDATA[_assembly_items_1_type]]></wp:meta_key>
			<wp:meta_value><![CDATA[field_5af1f671f04fe]]></wp:meta_value>
		</wp:postmeta>
		<wp:postmeta>
			<wp:meta_key><![CDATA[assembly_items_1_part]]></wp:meta_key>
			<wp:meta_value><![CDATA[822]]></wp:meta_value>
		</wp:postmeta>
		<wp:postmeta>
			<wp:meta_key><![CDATA[_assembly_items_1_part]]></wp:meta_key>
			<wp:meta_value><![CDATA[field_58beca404dcd5]]></wp:meta_value>
		</wp:postmeta>
		<wp:postmeta>
			<wp:meta_key><![CDATA[assembly_items_1_qty]]></wp:meta_key>
			<wp:meta_value><![CDATA[1]]></wp:meta_value>
		</wp:postmeta>
		<wp:postmeta>
			<wp:meta_key><![CDATA[_assembly_items_1_qty]]></wp:meta_key>
			<wp:meta_value><![CDATA[field_58beca774dcd6]]></wp:meta_value>
		</wp:postmeta>
		<wp:postmeta>
			<wp:meta_key><![CDATA[assembly_items]]></wp:meta_key>
			<wp:meta_value><![CDATA[2]]></wp:meta_value>
		</wp:postmeta>
		<wp:postmeta>
			<wp:meta_key><![CDATA[_assembly_items]]></wp:meta_key>
			<wp:meta_value><![CDATA[field_58bec9fc4dcd4]]></wp:meta_value>
		</wp:postmeta>
	</item>
	<item>
		<title>sasas</title>
		<link>http://localhost/webhost/assembly/sasas-2/</link>
		<pubDate>Wed, 19 Sep 2018 08:15:14 +0000</pubDate>
		<dc:creator><![CDATA[amg26]]></dc:creator>
		<guid isPermaLink="false">http://localhost/webhost/?post_type=assembly&#038;p=825</guid>
		<description></description>
		<content:encoded><![CDATA[]]></content:encoded>
		<excerpt:encoded><![CDATA[]]></excerpt:encoded>
		<wp:post_id>825</wp:post_id>
		<wp:post_date><![CDATA[2018-09-19 03:15:14]]></wp:post_date>
		<wp:post_date_gmt><![CDATA[2018-09-19 08:15:14]]></wp:post_date_gmt>
		<wp:comment_status><![CDATA[closed]]></wp:comment_status>
		<wp:ping_status><![CDATA[closed]]></wp:ping_status>
		<wp:post_name><![CDATA[sasas-2]]></wp:post_name>
		<wp:status><![CDATA[publish]]></wp:status>
		<wp:post_parent>0</wp:post_parent>
		<wp:menu_order>0</wp:menu_order>
		<wp:post_type><![CDATA[assembly]]></wp:post_type>
		<wp:post_password><![CDATA[]]></wp:post_password>
		<wp:is_sticky>0</wp:is_sticky>
		<wp:postmeta>
			<wp:meta_key><![CDATA[assembly_id]]></wp:meta_key>
			<wp:meta_value><![CDATA[sddsd]]></wp:meta_value>
		</wp:postmeta>
		<wp:postmeta>
			<wp:meta_key><![CDATA[_assembly_id]]></wp:meta_key>
			<wp:meta_value><![CDATA[field_59077aa89c6ff]]></wp:meta_value>
		</wp:postmeta>
		<wp:postmeta>
			<wp:meta_key><![CDATA[revision]]></wp:meta_key>
			<wp:meta_value><![CDATA[A]]></wp:meta_value>
		</wp:postmeta>
		<wp:postmeta>
			<wp:meta_key><![CDATA[_revision]]></wp:meta_key>
			<wp:meta_value><![CDATA[field_5ae74515fad9f]]></wp:meta_value>
		</wp:postmeta>
		<wp:postmeta>
			<wp:meta_key><![CDATA[assembly_items_0_type]]></wp:meta_key>
			<wp:meta_value><![CDATA[Part]]></wp:meta_value>
		</wp:postmeta>
		<wp:postmeta>
			<wp:meta_key><![CDATA[_assembly_items_0_type]]></wp:meta_key>
			<wp:meta_value><![CDATA[field_5af1f671f04fe]]></wp:meta_value>
		</wp:postmeta>
		<wp:postmeta>
			<wp:meta_key><![CDATA[assembly_items_0_part]]></wp:meta_key>
			<wp:meta_value><![CDATA[822]]></wp:meta_value>
		</wp:postmeta>
		<wp:postmeta>
			<wp:meta_key><![CDATA[_assembly_items_0_part]]></wp:meta_key>
			<wp:meta_value><![CDATA[field_58beca404dcd5]]></wp:meta_value>
		</wp:postmeta>
		<wp:postmeta>
			<wp:meta_key><![CDATA[assembly_items_0_qty]]></wp:meta_key>
			<wp:meta_value><![CDATA[1]]></wp:meta_value>
		</wp:postmeta>
		<wp:postmeta>
			<wp:meta_key><![CDATA[_assembly_items_0_qty]]></wp:meta_key>
			<wp:meta_value><![CDATA[field_58beca774dcd6]]></wp:meta_value>
		</wp:postmeta>
		<wp:postmeta>
			<wp:meta_key><![CDATA[assembly_items_1_type]]></wp:meta_key>
			<wp:meta_value><![CDATA[Part]]></wp:meta_value>
		</wp:postmeta>
		<wp:postmeta>
			<wp:meta_key><![CDATA[_assembly_items_1_type]]></wp:meta_key>
			<wp:meta_value><![CDATA[field_5af1f671f04fe]]></wp:meta_value>
		</wp:postmeta>
		<wp:postmeta>
			<wp:meta_key><![CDATA[assembly_items_1_part]]></wp:meta_key>
			<wp:meta_value><![CDATA[822]]></wp:meta_value>
		</wp:postmeta>
		<wp:postmeta>
			<wp:meta_key><![CDATA[_assembly_items_1_part]]></wp:meta_key>
			<wp:meta_value><![CDATA[field_58beca404dcd5]]></wp:meta_value>
		</wp:postmeta>
		<wp:postmeta>
			<wp:meta_key><![CDATA[assembly_items_1_qty]]></wp:meta_key>
			<wp:meta_value><![CDATA[1]]></wp:meta_value>
		</wp:postmeta>
		<wp:postmeta>
			<wp:meta_key><![CDATA[_assembly_items_1_qty]]></wp:meta_key>
			<wp:meta_value><![CDATA[field_58beca774dcd6]]></wp:meta_value>
		</wp:postmeta>
		<wp:postmeta>
			<wp:meta_key><![CDATA[assembly_items]]></wp:meta_key>
			<wp:meta_value><![CDATA[2]]></wp:meta_value>
		</wp:postmeta>
		<wp:postmeta>
			<wp:meta_key><![CDATA[_assembly_items]]></wp:meta_key>
			<wp:meta_value><![CDATA[field_58bec9fc4dcd4]]></wp:meta_value>
		</wp:postmeta>
		<wp:postmeta>
			<wp:meta_key><![CDATA[_dp_original]]></wp:meta_key>
			<wp:meta_value><![CDATA[821]]></wp:meta_value>
		</wp:postmeta>
		<wp:postmeta>
			<wp:meta_key><![CDATA[_edit_last]]></wp:meta_key>
			<wp:meta_value><![CDATA[1]]></wp:meta_value>
		</wp:postmeta>
	</item>
</channel>
</rss>
